time,time_ms,cabin_temp_c,ambient_temp_c,battery_temp_c,target_cabin_temp_c,ptc_heater_kw,ecomp_power_kw,chiller_q_kw,radiator_q_kw,thermal_status
2026-01-01T00:00:00Z,1767225600000,10.0,5.0,22.0,22.0,0.0,0.0,0.0,0.0,normal
2026-01-01T00:00:01Z,1767225601000,10.1096,5.0,21.94333333333333,22.0,3.1,0.3,0.0,0.0,normal
2026-01-01T00:00:02Z,1767225602000,10.218270226666666,5.0,21.886855555555552,22.0,3.09452,0.3,0.0,0.0,normal
2026-01-01T00:00:03Z,1767225603000,10.32601856757711,5.0,21.830566037037034,22.0,3.0890864886666667,0.3,0.0,0.0,normal
2026-01-01T00:00:04Z,1767225604000,10.432852843395498,5.0,21.77446415024691,22.0,3.0836990716211448,0.3,0.0,0.0,normal
2026-01-01T00:00:05Z,1767225605000,10.538780808440693,5.0,21.718549269746088,22.0,3.078357357830225,0.3,0.0,0.0,normal
2026-01-01T00:00:06Z,1767225606000,10.643810151249088,5.0,21.663602685007042,22.0,3.0730609595779654,0.3,0.0,0.01703169539212751,normal
2026-01-01T00:00:07Z,1767225607000,10.747948495132658,5.0,21.612566241180524,22.0,3.0678094924375454,0.3,0.0,0.06173757814820626,normal
2026-01-01T00:00:08Z,1767225608000,10.851203398732283,5.0,21.563348911321448,22.0,3.062602575243367,0.3,0.0,0.09590316913383047,normal
2026-01-01T00:00:09Z,1767225609000,10.95358235656637,5.0,21.520525673551248,22.0,3.057439830063386,0.3,0.0,0.1516594103210449,normal
2026-01-01T00:00:10Z,1767225610000,11.055092799574831,5.0,21.69666069524164,22.0,3.0523208821716814,0.3,0.0,0.7602461287226736,normal
2026-01-01T00:00:11Z,1767225611000,11.155742095658438,5.0,22.60062873035276,22.0,3.0472453600212583,0.3,0.0,2.2700395849143127,normal
2026-01-01T00:00:12Z,1767225612000,11.255537550213601,5.0,23.736138444858078,22.0,3.0422128952170784,0.3,0.0,3.082587672327791,normal
2026-01-01T00:00:13Z,1767225613000,11.354486406662623,5.0,24.872190568927223,22.0,3.03722312248932,0.3,0.0,3.506209002662405,normal
2026-01-01T00:00:14Z,1767225614000,11.452595846979435,5.0,24.892332402492844,22.0,3.032275679666869,0.3,0.0,2.0116750000000003,normal
2026-01-01T00:00:15Z,1767225615000,11.549872992210892,5.0,25.722465440393492,22.0,3.0273702076510283,0.3,0.0,3.36099177509075,normal
2026-01-01T00:00:16Z,1767225616000,11.646324902993635,5.0,26.815407106481356,22.0,3.0225063503894556,0.3,0.0,3.9935039610670104,normal
2026-01-01T00:00:17Z,1767225617000,11.741964122848891,5.0,27.52464860884017,22.0,3.017683754850318,0.3055427823191269,0.0,3.7225096312565036,normal
2026-01-01T00:00:18Z,1767225618000,11.836822285766868,5.0,28.155272550255287,22.0,3.0129017938575555,0.3358252268105846,0.0,3.783892824133499,normal
2026-01-01T00:00:19Z,1767225619000,11.930902857390338,5.0,28.824962024829237,22.0,3.008158885711657,0.3629473477255488,0.0,3.986181259689762,normal
2026-01-01T00:00:20Z,1767225620000,12.02421398135495,5.0,29.390726756286888,22.0,3.003454857130483,0.3916165381409762,0.0,3.984850825848498,normal
2026-01-01T00:00:21Z,1767225621000,12.116758012763002,5.0,30.283121322504975,22.0,2.9987893009322524,0.41611334987857457,0.0,4.564143786486852,normal
2026-01-01T00:00:22Z,1767225622000,12.208554508967884,5.0,30.955642429861566,22.0,2.99416209936185,0.45366001315545906,0.0,4.43261241411793,normal
2026-01-01T00:00:23Z,1767225623000,12.299601001670847,5.0,31.186551628109076,22.0,2.989572274551606,0.4823967873738203,0.0,3.93755500761646,normal
2026-01-01T00:00:24Z,1767225624000,12.389886173925165,5.0,31.270645940772077,22.0,2.985019949916458,0.49345408515778,0.0,3.4922678000000005,normal
2026-01-01T00:00:25Z,1767225625000,12.479410596444142,5.0,31.35130080877216,22.0,2.9805056913037418,0.4986235611093864,0.0,3.4278942000000003,normal
2026-01-01T00:00:26Z,1767225626000,12.568180570128588,5.0,31.72099405556065,22.0,2.976029470177793,0.5036402442797692,0.0,3.2428201,normal
2026-01-01T00:00:27Z,1767225627000,12.656214041665622,5.0,31.84477047848726,22.0,2.971590971493571,0.5202033736249977,0.0,3.1543064,normal
2026-01-01T00:00:28Z,1767225628000,12.743507407645465,5.0,31.906926164019577,22.0,2.967189297916719,0.5269150999728028,0.0,3.0899328,normal
2026-01-01T00:00:29Z,1767225629000,12.830064466998653,5.0,31.94848473721326,22.0,2.9628246296177267,0.5311471947136924,0.0,3.247430792488499,normal
2026-01-01T00:00:30Z,1767225630000,12.91589062744911,5.0,32.25922378930143,22.0,2.958496776650067,0.5345406788285034,0.0,3.6349872014546576,normal
2026-01-01T00:00:31Z,1767225631000,13.001002842057039,5.0,32.24233675120708,22.0,2.9542054686275447,0.5486867641210394,0.0,3.1252778419185994,normal
2026-01-01T00:00:32Z,1767225632000,13.085394048140477,5.0,32.28511623110328,22.0,2.949949857897148,0.5497135268894239,0.0,3.2824243228802716,normal
2026-01-01T00:00:33Z,1767225633000,13.169072734495625,5.0,32.60855488683038,22.0,2.945730297592976,0.5531125302069407,0.0,2.9370455,normal
2026-01-01T00:00:34Z,1767225634000,13.252056157781483,5.0,33.18616326864272,22.0,2.9415463632752186,0.5677236501631278,0.0,2.5990840999999993,normal
2026-01-01T00:00:35Z,1767225635000,13.334360369030206,5.0,33.73252561120266,22.0,2.937397192110926,0.5924876539013386,0.0,2.2208892000000002,normal
2026-01-01T00:00:36Z,1767225636000,13.415989866798094,5.0,34.2201530393706,22.0,2.9332819815484896,0.6159882318287105,0.0,1.7944141000000005,normal
2026-01-01T00:00:37Z,1767225637000,13.496948012013668,5.0,34.549728732142235,22.0,2.9292005066600955,0.637125918910786,0.0,1.3920791000000001,normal
2026-01-01T00:00:38Z,1767225638000,13.577234164487944,5.0,34.78047024600567,22.0,2.9251525993993166,0.6519281095259627,0.0,0.9253705000000002,normal
2026-01-01T00:00:39Z,1767225639000,13.656850058152335,5.0,34.84439083575947,22.0,2.921138291775603,0.6627634931299857,0.0,0.4667085999999999,normal
2026-01-01T00:00:40Z,1767225640000,13.735794692793602,5.0,34.77215703170221,22.0,2.9171574970923833,0.6669126345934255,0.0,0.0965604,normal
2026-01-01T00:00:41Z,1767225641000,13.814068303324861,5.0,34.6729165082632,22.0,2.91321026536032,0.6656021751239604,0.0,0.0,normal
2026-01-01T00:00:42Z,1767225642000,13.891675488578052,5.0,34.57400678656899,22.0,2.909296584833757,0.6631980263970252,0.0,0.0,normal
2026-01-01T00:00:43Z,1767225643000,13.968621901964516,5.0,34.47542676394709,22.0,2.9054162255710976,0.6607937812343205,0.0,0.0,normal
2026-01-01T00:00:44Z,1767225644000,14.044913149004781,5.0,34.3771753414006,22.0,2.901568904901774,0.658389508597174,0.0,0.0,normal
2026-01-01T00:00:45Z,1767225645000,14.120554787734026,5.0,34.27925142359593,22.0,2.897754342549761,0.6559852766361196,0.0,0.0,normal
2026-01-01T00:00:46Z,1767225646000,14.195552329104114,5.0,34.18165391885061,22.0,2.8939722606132987,0.6535811526985177,0.0,0.0,normal
2026-01-01T00:00:47Z,1767225647000,14.269911237382217,5.0,34.084381739121106,22.0,2.890222383544794,0.6511772033361065,0.0,0.0,normal
2026-01-01T00:00:48Z,1767225648000,14.34363693054607,5.0,33.987433799990704,22.0,2.8865044381308893,0.6487734943124885,0.0,0.0,normal
2026-01-01T00:00:49Z,1767225649000,14.416734780675881,5.0,33.89798722831049,22.0,2.8828181534726967,0.6463700906105496,0.0,0.07298744918370599,normal
2026-01-01T00:00:50Z,1767225650000,14.489210401471226,5.0,34.47481111422428,22.0,2.879163260966206,0.6442541847459373,0.0,1.5480770120097866,normal
2026-01-01T00:00:51Z,1767225651000,14.561095709884677,5.0,35.12897836840811,22.0,2.875539479926439,0.6687766525983958,0.0,2.1018582494774964,normal
2026-01-01T00:00:52Z,1767225652000,14.632398795661423,5.0,35.55642118875869,22.0,2.8719452145057662,0.696381048934018,0.9693467552612169,2.127027100552163,normal
2026-01-01T00:00:53Z,1767225653000,14.703115517368358,5.0,36.23621222627256,22.0,2.868380060216929,0.7149048234635761,1.0334631783138035,2.7553462251210954,normal
2026-01-01T00:00:54Z,1767225654000,14.773260931528748,5.0,37.32801199262275,22.0,2.8648442241315824,0.7435107993982698,1.1354318339408844,3.6578699235435415,normal
2026-01-01T00:00:55Z,1767225655000,14.842856353657949,5.0,38.39543476920445,22.0,2.861336953423563,0.7885856983354849,1.2992017988934124,3.975859233835335,normal
2026-01-01T00:00:56Z,1767225656000,14.911905463442258,5.0,39.03853314336607,22.0,2.857857182317103,0.8326745178413368,1.4593152153806672,3.668863844532183,normal
2026-01-01T00:00:57Z,1767225657000,14.98039591152906,5.0,40.077805530444394,22.0,2.8544047268278874,0.8597794350034877,1.5557799715049099,4.423326796212602,normal
2026-01-01T00:00:58Z,1767225658000,15.048348273019037,5.0,41.303180219906324,22.0,2.8509802044235473,0.902720139448357,1.711670829566659,4.945164574363094,normal
2026-01-01T00:00:59Z,1767225659000,15.115774546010515,5.0,42.48968773048759,22.0,2.847582586349048,0.9530941742566337,1.8954770329859485,5.166434044566722,warning
2026-01-01T00:01:00Z,1767225660000,15.182677628278666,5.0,43.394809501811224,22.0,2.844211272699474,1.0019030001397138,2.0734531595731385,5.023930571297506,warning
2026-01-01T00:01:01Z,1767225661000,15.249050692331407,5.0,43.92696913312604,22.0,2.840866118586067,1.0394459326380223,2.2092214252716835,4.688676638343178,warning
2026-01-01T00:01:02Z,1767225662000,15.314883305403967,5.0,44.74192503165836,22.0,2.83754746538343,1.06205977917167,2.2890453699689064,5.185442815870356,warning
2026-01-01T00:01:03Z,1767225663000,15.38019135336383,5.0,45.506223695787504,22.0,2.8342558347298015,1.0959746673744137,2.411288754748754,5.268375159724066,warning
2026-01-01T00:01:04Z,1767225664000,15.444977249491027,5.0,46.35153813201802,22.0,2.8309904323318085,1.1278527748987768,2.5259335543681254,5.516931224890812,warning
2026-01-01T00:01:05Z,1767225665000,15.509248653561448,5.0,47.041455236928314,22.0,2.827751137525449,1.1629610702705413,2.6527307198027033,5.450293400014502,warning
2026-01-01T00:01:06Z,1767225666000,15.573003703999616,5.0,47.65833133996908,22.0,2.8245375673219275,1.1918431825483617,2.756218285539247,5.4650688931628135,warning
2026-01-01T00:01:07Z,1767225667000,15.636243849238365,5.0,48.096462455801316,22.0,2.821349814800019,1.2177933276787556,2.848749700995362,5.3201919553884185,warning
2026-01-01T00:01:08Z,1767225668000,15.698966297292543,5.0,47.92271397900269,22.0,2.8181878075380817,1.23658337521682,2.9144693683701974,4.665210763846892,warning
2026-01-01T00:01:09Z,1767225669000,15.761150954422284,5.0,48.02369050124686,22.0,2.815051685135373,1.2308878851059584,2.8884070968504028,4.901760295514529,warning
2026-01-01T00:01:10Z,1767225670000,15.822813361131407,5.0,47.84129608416009,22.0,2.8119424522788856,1.23617063913832,2.903553575187029,4.581940133770119,warning
2026-01-01T00:01:11Z,1767225671000,15.883946602561732,5.0,47.81697386478897,22.0,2.8088593319434296,1.230108110589032,2.8761944126240135,4.4337317,warning
2026-01-01T00:01:12Z,1767225672000,15.94456148010331,5.0,47.79040521867879,22.0,2.8058026698719134,1.2303578866427936,2.8725460797183455,4.3774048,warning
2026-01-01T00:01:13Z,1767225673000,16.00466229098545,5.0,47.680650560871086,22.0,2.8027719259948345,1.2305074383492178,2.868560782801819,4.551033578080398,warning
2026-01-01T00:01:14Z,1767225674000,16.06425005848518,5.0,47.81033040263746,22.0,2.7997668854507274,1.2273192682545524,2.852097584130663,4.78930613988705,warning
2026-01-01T00:01:15Z,1767225675000,16.12333870203964,5.0,47.70043460811005,22.0,2.796787497075741,1.233698217275202,2.871549560395619,4.551033578080398,warning
2026-01-01T00:01:16Z,1767225676000,16.1819228628757,5.0,47.671581679524714,22.0,2.793833064898018,1.2304841583651949,2.8550651912165077,4.304984500000001,warning
2026-01-01T00:01:17Z,1767225677000,16.240010052313412,5.0,47.76786685643368,22.0,2.790903856856215,1.2305017244385026,2.850737251928707,4.2084241,warning
2026-01-01T00:01:18Z,1767225678000,16.29760948191159,5.0,47.574627739211614,22.0,2.7879994973843294,1.2355148753036154,2.8651800284650517,4.301828488518899,warning
2026-01-01T00:01:19Z,1767225679000,16.354713698772578,5.0,47.52110175803974,22.0,2.7851195259044204,1.2289372992066963,2.836194160881742,4.398132744986057,warning
2026-01-01T00:01:20Z,1767225680000,16.411332482572288,5.0,47.46721231759531,22.0,2.7822643150613713,1.2279383442970413,2.828165263705961,4.389135689326142,warning
2026-01-01T00:01:21Z,1767225681000,16.467469927154156,5.0,47.52765062996798,22.0,2.7794333758713856,1.2269151423552582,2.8200818476392966,4.503234579546765,warning
2026-01-01T00:01:22Z,1767225682000,16.52313467936254,5.0,47.588624083292224,22.0,2.776626503642292,1.2304554237418022,2.829147594495197,4.512437174343825,warning
2026-01-01T00:01:23Z,1767225683000,16.5783307611562,5.0,47.83121473256919,22.0,2.7738432660318733,1.2340076569189395,2.8382936124938336,4.771129583840341,warning
2026-01-01T00:01:24Z,1767225684000,16.633069403736915,5.0,48.26425616448536,22.0,2.7710834619421902,1.2448152045258913,2.874682209885378,5.0741528435262495,warning
2026-01-01T00:01:25Z,1767225685000,16.687362096596534,5.0,48.99759965013363,22.0,2.7683465298131544,1.2632316346541528,2.939638424672804,5.558896660176052,warning
2026-01-01T00:01:26Z,1767225686000,16.741224626038342,5.0,49.96014788575764,22.0,2.7656318951701735,1.2936512279372758,3.049639947520044,5.993063079774949,warning
2026-01-01T00:01:27Z,1767225687000,16.794669800868736,5.0,51.0182598041579,22.0,2.762938768698083,1.3332304079510724,3.1940221828636464,6.276855159109247,warning
2026-01-01T00:01:28Z,1767225688000,16.847704975846217,5.0,52.01659682735522,22.0,2.7602665099565633,1.376623788183691,3.352738970623685,6.35895983617213,warning
2026-01-01T00:01:29Z,1767225689000,16.9003312299404,5.0,53.00051222763041,22.0,2.757614751207689,1.4176179726111333,3.502489524103283,6.486933653362746,warning
2026-01-01T00:01:30Z,1767225690000,16.952551447120108,5.0,54.13577243141856,22.0,2.75498343850298,1.4580271137040244,3.6500768341445613,6.829797998480639,warning
2026-01-01T00:01:31Z,1767225691000,17.00437511760324,5.0,55.0,22.0,2.7523724276439947,1.5044819261991444,3.820365864712784,7.12639814857458,warning
2026-01-01T00:01:32Z,1767225692000,17.055794756191258,5.0,55.0,22.0,2.749781244119838,1.5400875023520648,3.9499999999999997,7.038183923398816,warning
2026-01-01T00:01:33Z,1767225693000,17.106779213238024,5.0,55.0,22.0,2.7472102621904373,1.5411158951238253,3.9499999999999997,7.219104334665857,warning
2026-01-01T00:01:34Z,1767225694000,17.157332171829985,5.0,55.0,22.0,2.744661039338099,1.5421355842647606,3.9499999999999997,6.905007288932883,warning
2026-01-01T00:01:35Z,1767225695000,17.2074572838824,5.0,55.0,22.0,2.7421333914085007,1.5431466434365997,3.9499999999999997,6.354677918709848,warning
2026-01-01T00:01:36Z,1767225696000,17.25715817040314,5.0,55.0,22.0,2.73962713580588,1.544149145677648,3.9499999999999997,6.293064471807565,warning
2026-01-01T00:01:37Z,1767225697000,17.306438421754297,5.0,54.796497922986994,22.0,2.7371420914798428,1.5451431634080628,3.9499999999999997,5.897692751986184,warning
2026-01-01T00:01:38Z,1767225698000,17.355293457828438,5.0,55.0,22.0,2.7346780789122853,1.5379886853545657,3.919474688448049,5.487849400000001,warning
2026-01-01T00:01:39Z,1767225699000,17.40374315753035,5.0,55.0,22.0,2.732235327108578,1.547105869156569,3.9499999999999997,5.351055499999999,warning
2026-01-01T00:01:40Z,1767225700000,17.451782811273784,5.0,55.0,22.0,2.7298128421234824,1.5480748631506072,3.9499999999999997,5.222308300000001,warning
2026-01-01T00:01:41Z,1767225701000,17.49941588941437,5.0,55.0,22.0,2.727410859436311,1.5490356562254757,3.9499999999999997,5.1257479,warning
2026-01-01T00:01:42Z,1767225702000,17.54664583293696,5.0,55.0,22.0,2.7250292055292817,1.5499883177882874,3.9499999999999997,5.0291875,warning
2026-01-01T00:01:43Z,1767225703000,17.593476053704205,5.0,55.0,22.0,2.722667708353152,1.5509329166587391,3.9499999999999997,4.908487,warning
2026-01-01T00:01:44Z,1767225704000,17.63990993470302,5.0,55.0,22.0,2.72032619731479,1.5518695210740843,3.9499999999999997,4.771693099999999,warning
2026-01-01T00:01:45Z,1767225705000,17.685950830288984,5.0,55.0,22.0,2.718004503264849,1.5527981986940604,3.9499999999999997,4.6429459,warning
2026-01-01T00:01:46Z,1767225706000,17.73160206642864,5.0,55.0,22.0,2.7157024584855507,1.5537190166057797,3.9499999999999997,4.506152,warning
2026-01-01T00:01:47Z,1767225707000,17.776866940939765,5.0,55.0,22.0,2.713419896678568,1.5546320413285728,3.9499999999999997,4.385451499999999,warning
2026-01-01T00:01:48Z,1767225708000,17.821748723729613,5.0,55.0,22.0,2.7111566529530116,1.5555373388187954,3.9499999999999997,4.2486576000000005,warning
2026-01-01T00:01:49Z,1767225709000,17.866250657031113,5.0,55.0,22.0,2.708912563813519,1.5564349744745922,3.9499999999999997,4.119910400000001,warning
2026-01-01T00:01:50Z,1767225710000,17.910375955637107,5.0,55.0,22.0,2.7066874671484444,1.5573250131406224,3.9499999999999997,3.9831165000000004,warning
2026-01-01T00:01:51Z,1767225711000,17.954127807132565,5.0,55.0,22.0,2.704481202218145,1.5582075191127422,3.9499999999999997,3.8624160000000005,warning
2026-01-01T00:01:52Z,1767225712000,17.997509372124867,5.0,55.0,22.0,2.702293609643372,1.5590825561426513,3.9499999999999997,3.7256221,warning
2026-01-01T00:01:53Z,1767225713000,18.040523784472118,5.0,55.0,22.0,2.7001245313937567,1.5599501874424972,3.9499999999999997,3.540548,warning
2026-01-01T00:01:54Z,1767225714000,18.083174151509535,5.0,55.0,22.0,2.697973810776394,1.5608104756894425,3.9499999999999997,3.3071937,warning
2026-01-01T00:01:55Z,1767225715000,18.125463554273928,5.0,55.0,22.0,2.6958412924245234,1.5616634830301908,3.9499999999999997,3.1221196,warning
2026-01-01T00:01:56Z,1767225716000,18.167395047726256,5.0,54.93928510367301,22.0,2.693726822286304,1.5625092710854787,3.9499999999999997,3.0336059000000004,warning
2026-01-01T00:01:57Z,1767225717000,18.20896923237648,5.0,54.873027540495436,22.0,2.6916302476136873,1.5609193051014456,3.940892765550951,2.9450922000000004,warning
2026-01-01T00:01:58Z,1767225718000,18.250188910541418,5.0,54.83502977597045,22.0,2.689551538381176,1.559100486267347,3.9309541310743152,2.8404851,warning
2026-01-01T00:01:59Z,1767225719000,18.291058212919573,5.0,55.0,22.0,2.6874905544729293,1.5584049692496462,3.925254466395567,2.41401,warning
2026-01-01T00:02:00Z,1767225720000,18.331588223577565,5.0,55.0,22.0,2.6854470893540214,1.5658211642583915,3.9499999999999997,1.9633948000000003,warning
2026-01-01T00:02:01Z,1767225721000,18.371775215245354,5.0,55.0,22.0,2.6834205888211216,1.5666317644715513,3.9499999999999997,1.5932465999999998,warning
2026-01-01T00:02:02Z,1767225722000,18.411622091006993,5.0,55.0,22.0,2.6814112392377325,1.567435504304907,3.9499999999999997,1.2472385,warning
2026-01-01T00:02:03Z,1767225723000,18.451131729376772,5.0,54.98514185425067,22.0,2.6794188954496505,1.5682324418201399,3.9499999999999997,0.8690435999999999,warning
2026-01-01T00:02:04Z,1767225724000,18.490306390181317,5.0,54.85977003223157,22.0,2.6774434135311616,1.5684283087575623,3.9477712781376004,0.5069421000000001,warning
2026-01-01T00:02:05Z,1767225725000,18.52914448790037,5.0,54.64431318062423,22.0,2.6754846804909342,1.5641969290928892,3.928965504834736,0.25749440000000007,warning
2026-01-01T00:02:06Z,1767225726000,18.56764526757833,5.0,54.392818448142464,22.0,2.6735427756049814,1.5563554169829765,3.8966469770936345,0.1689807,warning
2026-01-01T00:02:07Z,1767225727000,18.605810142534985,5.0,54.1370336831614,22.0,2.6716177366210836,1.5470656432772651,3.8589227672213693,0.0965604,warning
2026-01-01T00:02:08Z,1767225728000,18.643641784042657,5.0,53.87772969457234,22.0,2.6697094928732508,1.5375975501771557,3.8205550524742096,0.0,warning
2026-01-01T00:02:09Z,1767225729000,18.68114287159816,5.0,53.620262442569114,22.0,2.6678179107978672,1.5279820234637467,3.7816594541858506,0.0,warning
2026-01-01T00:02:10Z,1767225730000,18.718316276259234,5.0,53.36461891693425,22.0,2.665942856420092,1.5184333551347278,3.743039366385367,0.0,warning
2026-01-01T00:02:11Z,1767225731000,18.755164844264502,5.0,53.11078619960596,22.0,2.664084186187038,1.5089510822025547,3.704692837540137,0.0,warning
2026-01-01T00:02:12Z,1767225732000,18.791691397247195,5.0,52.85875146402542,22.0,2.662241757786775,1.4995347448695284,3.666617929940894,0.0,warning
2026-01-01T00:02:13Z,1767225733000,18.827898732447053,5.0,52.60850197448857,22.0,2.66041543013764,1.4901838865059607,3.6288127196038125,0.0,warning
2026-01-01T00:02:14Z,1767225734000,18.86378962292042,5.0,52.360025085502606,22.0,2.6586050633776472,1.4808980536284837,3.591275296173285,0.0,warning
2026-01-01T00:02:15Z,1767225735000,18.899366817748525,5.0,52.11330824114696,22.0,2.656810518853979,1.4716767958785126,3.5540037628253907,0.0,warning
2026-01-01T00:02:16Z,1767225736000,18.93463304224396,5.0,51.93586614811651,22.0,2.6550316591125735,1.462519666000849,3.516996236172044,0.2982935084132091,warning
2026-01-01T00:02:17Z,1767225737000,18.96959369924236,5.0,52.21781069004748,22.0,2.653268347887802,1.4561273067695397,3.4903799222174765,1.3710847125761503,warning
2026-01-01T00:02:18Z,1767225738000,19.004269750328707,5.0,52.9486201201102,22.0,2.651520315037882,1.4681043015867465,3.5326716035071217,2.467341406940664,warning
2026-01-01T00:02:19Z,1767225739000,19.03868155881323,5.0,54.021818073634606,22.0,2.6497865124835647,1.498030199810982,3.6422930180165296,3.4155017152502287,warning
2026-01-01T00:02:20Z,1767225740000,19.072845056610088,5.0,55.0,22.0,2.6480659220593386,1.541646354121649,3.803272711045191,4.373529979367626,warning
2026-01-01T00:02:21Z,1767225741000,19.106758544614312,5.0,55.0,22.0,2.6463577471694957,1.581456901132202,3.9499999999999997,4.61353986490325,warning
2026-01-01T00:02:22Z,1767225742000,19.14038501146506,5.0,55.0,22.0,2.6446620727692842,1.5821351708922862,3.9499999999999997,5.089608853939505,warning
2026-01-01T00:02:23Z,1767225743000,19.17372688631803,5.0,55.0,22.0,2.642980749426747,1.5828077002293013,3.9499999999999997,5.480767015070308,warning
2026-01-01T00:02:24Z,1767225744000,19.206786577770156,5.0,55.0,22.0,2.6413136556840984,1.5834745377263606,3.9499999999999997,4.911383757111193,warning
2026-01-01T00:02:25Z,1767225745000,19.239566474033627,5.0,55.0,22.0,2.6396606711114923,1.5841357315554032,3.9499999999999997,4.70120937008487,warning
2026-01-01T00:02:26Z,1767225746000,19.272068943108387,5.0,55.0,22.0,2.638021676298319,1.5847913294806726,3.9499999999999997,4.681261747808733,warning
2026-01-01T00:02:27Z,1767225747000,19.304296332953214,5.0,55.0,22.0,2.6363965528445807,1.5854413788621677,3.9499999999999997,4.984959547633172,warning
2026-01-01T00:02:28Z,1767225748000,19.33625097165532,5.0,55.0,22.0,2.6347851833523395,1.5860859266590643,3.9499999999999997,4.712917231897552,warning
2026-01-01T00:02:29Z,1767225749000,19.367935167598546,5.0,55.0,22.0,2.6331874514172338,1.5867250194331064,3.9499999999999997,5.0400593561609375,warning
2026-01-01T00:02:30Z,1767225750000,19.399351209630105,5.0,55.0,22.0,2.6316032416200725,1.587358703351971,3.9499999999999997,4.847979558500599,warning
2026-01-01T00:02:31Z,1767225751000,19.430501367225936,5.0,55.0,22.0,2.630032439518495,1.5879870241926022,3.9499999999999997,4.727495806174574,warning
2026-01-01T00:02:32Z,1767225752000,19.46138789065465,5.0,55.0,22.0,2.6284749316387033,1.5886100273445187,3.9499999999999997,4.765625239880757,warning
2026-01-01T00:02:33Z,1767225753000,19.492013011140074,5.0,55.0,22.0,2.6269306054672676,1.5892277578130931,3.9499999999999997,5.059932028559898,warning
2026-01-01T00:02:34Z,1767225754000,19.52237894102246,5.0,54.98042454631976,22.0,2.625399349442996,1.5898402602228014,3.9499999999999997,4.624134055583713,warning
2026-01-01T00:02:35Z,1767225755000,19.552487090900126,5.0,54.96098775210309,22.0,2.623881052948877,1.5896645606732396,3.947063681947964,4.624134055583713,warning
2026-01-01T00:02:36Z,1767225756000,19.582339647997557,5.0,55.0,22.0,2.622375645454994,1.589489251902126,3.944148162815463,5.139781035673671,warning
2026-01-01T00:02:37Z,1767225757000,19.611941113443336,5.0,55.0,22.0,2.6208830176001223,1.5916467929599512,3.9499999999999997,5.82319635470759,warning
2026-01-01T00:02:38Z,1767225758000,19.641292051819896,5.0,55.0,22.0,2.6194029443278333,1.5922388222688668,3.9499999999999997,5.255266772843958,warning
2026-01-01T00:02:39Z,1767225759000,19.670394583421327,5.0,55.0,22.0,2.6179353974090054,1.592825841036398,3.9499999999999997,5.726874009012816,warning
2026-01-01T00:02:40Z,1767225760000,19.699250810596972,5.0,55.0,22.0,2.6164802708289336,1.5934078916684267,3.9499999999999997,5.226239375356457,warning
2026-01-01T00:02:41Z,1767225761000,19.727862817903286,5.0,55.0,22.0,2.6150374594701513,1.5939850162119396,3.9499999999999997,5.884969092212504,warning
2026-01-01T00:02:42Z,1767225762000,19.75623267225443,5.0,55.0,22.0,2.6136068591048356,1.5945572563580659,3.9499999999999997,5.370820187879418,warning
2026-01-01T00:02:43Z,1767225763000,19.784362423071585,5.0,55.0,22.0,2.6121883663872785,1.5951246534450887,3.9499999999999997,5.399830164578621,warning
2026-01-01T00:02:44Z,1767225764000,19.812254102430988,5.0,55.0,22.0,2.6107818788464208,1.5956872484614317,3.9499999999999997,5.4288717805748155,warning
2026-01-01T00:02:45Z,1767225765000,19.839909725210745,5.0,54.97033343102861,22.0,2.6093872948784504,1.5962450820486198,3.9499999999999997,4.8038799,warning
2026-01-01T00:02:46Z,1767225766000,19.867330102573618,5.0,55.0,22.0,2.6080045137394627,1.5956115317453592,3.945550014654291,4.691226100000001,warning
2026-01-01T00:02:47Z,1767225767000,19.894519598805502,5.0,54.86734190940847,22.0,2.606633494871319,1.5973466020514724,3.9499999999999997,4.903272542426317,warning
2026-01-01T00:02:48Z,1767225768000,19.92147367494399,5.0,54.65600632216125,22.0,2.605274020059725,1.5925840683524486,3.93010128641127,4.817473525001554,warning
2026-01-01T00:02:49Z,1767225769000,19.948191176327935,5.0,54.496285053015846,22.0,2.6039263162528004,1.5846697263853295,3.898400948324187,4.656553099360975,warning
2026-01-01T00:02:50Z,1767225770000,19.974676169741066,5.0,54.613425381672535,22.0,2.602590441183603,1.5788152256471926,3.874442757952377,5.081639317338664,warning
2026-01-01T00:02:51Z,1767225771000,20.000941697439757,5.0,54.60219397819635,22.0,2.6012661915129467,1.5840305386617226,3.8920138072508803,4.5544322,warning
2026-01-01T00:02:52Z,1767225772000,20.02698448196622,5.0,54.808833323233955,22.0,2.599952915128012,1.584106593076649,3.890329096729452,5.149704862859801,warning
2026-01-01T00:02:53Z,1767225773000,20.05281512330011,5.0,54.57473140520806,22.0,2.598650775901689,1.5928930225686826,3.921324998485093,4.652584499082602,warning
2026-01-01T00:02:54Z,1767225774000,20.078417787229455,5.0,54.5085901727477,22.0,2.5973592438349944,1.5840455586743247,3.8862097107812095,4.8153682744737,warning
2026-01-01T00:02:55Z,1767225775000,20.103801121630447,5.0,54.29001057730124,22.0,2.5960791106385273,1.5819119626544973,3.8762885259121553,4.67414090814221,warning
2026-01-01T00:02:56Z,1767225776000,20.128960885227475,5.0,54.39563052256153,22.0,2.5948099439184777,1.5736764455246584,3.8435015865951856,4.977547824219414,warning
2026-01-01T00:02:57Z,1767225777000,20.1539119381564,5.0,54.50283770666184,22.0,2.593551955738626,1.5784044386070106,3.85934457838423,4.996443680362145,warning
2026-01-01T00:02:58Z,1767225778000,20.17865611029474,5.0,54.360912604458086,22.0,2.59230440309218,1.5831917470296017,3.8754256559992766,4.749118403440075,warning
2026-01-01T00:02:59Z,1767225779000,20.203185187252124,5.0,54.14279093910647,22.0,2.5910671944852632,1.5780096263842183,3.854136890668713,4.665210763846892,warning
2026-01-01T00:03:00Z,1767225780000,20.216570272212234,5.0,54.07541759042782,22.0,0.9437451850198301,1.5697753413093012,3.82141864086597,4.769688572585447,warning
2026-01-01T00:03:01Z,1767225781000,20.2298827920949,5.0,54.00767132572615,22.0,0.9426743782230214,1.5673481090613575,3.8113126385641727,4.7605624662011765,warning
2026-01-01T00:03:02Z,1767225782000,20.243123110773194,5.0,54.04683423777761,22.0,0.941609376632408,1.564904508870944,3.8011506988589225,4.4095916,warning
2026-01-01T00:03:03Z,1767225783000,20.256295881504467,5.0,53.948692469653864,22.0,0.9405501511381446,1.5667358317265683,3.8070251356666414,4.361311400000001,warning
2026-01-01T00:03:04Z,1767225784000,20.2693959647018,5.0,54.12834232762506,22.0,0.9394963294796427,1.563073616416244,3.7923038704480794,4.918641915557499,warning
2026-01-01T00:03:05Z,1767225785000,20.28243485145916,5.0,54.48749965655781,22.0,0.938448322823856,1.5705216123990386,3.819251349143759,4.200377400000001,warning
2026-01-01T00:03:06Z,1767225786000,20.295420041520806,5.0,55.0,22.0,0.9374052118832672,1.5851486832914956,3.8731249484836714,6.091339029783354,warning
2026-01-01T00:03:07Z,1767225787000,20.308357948904067,5.0,55.0,22.0,0.9363663966783355,1.6059084008304163,3.9499999999999997,5.362704376309348,warning
2026-01-01T00:03:08Z,1767225788000,20.32122832041079,5.0,55.0,22.0,0.9353313640876747,1.6061671589780815,3.9499999999999997,5.669138785110686,warning
2026-01-01T00:03:09Z,1767225789000,20.334031508578246,5.0,55.0,22.0,0.9343017343671369,1.606424566408216,3.9499999999999997,5.598906853551936,warning
2026-01-01T00:03:10Z,1767225790000,20.346767864103466,5.0,55.0,22.0,0.9332774793137404,1.606680630171565,3.9499999999999997,5.0797585709805695,warning
2026-01-01T00:03:11Z,1767225791000,20.359437735852847,5.0,55.0,22.0,0.9322585708717228,1.6069353572820693,3.9499999999999997,5.923989912732554,warning
2026-01-01T00:03:12Z,1767225792000,20.372041470871697,5.0,55.0,22.0,0.9312449811317722,1.607188754717057,3.9499999999999997,5.4921226905805,warning
2026-01-01T00:03:13Z,1767225793000,20.384579414393745,5.0,55.0,22.0,0.9302366823302644,1.607440829417434,3.9499999999999997,5.971465589974257,warning
2026-01-01T00:03:14Z,1767225794000,20.39705190985061,5.0,55.0,22.0,0.9292336468485005,1.6076915882878748,3.9499999999999997,5.578358105043291,warning
2026-01-01T00:03:15Z,1767225795000,20.409459298881192,5.0,55.0,22.0,0.9282358472119512,1.6079410381970123,3.9499999999999997,5.690174966242272,warning
2026-01-01T00:03:16Z,1767225796000,20.421801921341032,5.0,55.0,22.0,0.9272432560895048,1.6081891859776238,3.9499999999999997,5.813154333861166,warning
2026-01-01T00:03:17Z,1767225797000,20.43408011531163,5.0,55.0,22.0,0.9262558462927175,1.6084360384268206,3.9499999999999997,5.433451174321045,warning
2026-01-01T00:03:18Z,1767225798000,20.446294217109703,5.0,55.0,22.0,0.9252735907750697,1.6086816023062327,3.9499999999999997,5.579339007705584,warning
2026-01-01T00:03:19Z,1767225799000,20.45844456129639,5.0,54.81713231997323,22.0,0.9242964626312238,1.608925884342194,3.9499999999999997,5.090205400914606,warning
2026-01-01T00:03:20Z,1767225800000,20.47052416597922,5.0,55.0,22.0,0.9233244350962889,1.6018541840248572,3.9225698479959847,5.623302754091101,warning
2026-01-01T00:03:21Z,1767225801000,20.48254802983281,5.0,55.0,22.0,0.9223580667216624,1.6094104833195844,3.9499999999999997,5.873588759041405,warning
2026-01-01T00:03:22Z,1767225802000,20.494509129117084,5.0,54.738401496909304,22.0,0.9213961576133753,1.6096509605966562,3.9499999999999997,5.198420798054924,warning
2026-01-01T00:03:23Z,1767225803000,20.50639732752297,5.0,54.86824559572887,22.0,0.9204392696706334,1.5994262424587138,3.9107602245363955,5.525416931307214,warning
2026-01-01T00:03:24Z,1767225804000,20.518228663297126,5.0,55.0,22.0,0.9194882137981626,1.6048577703796143,3.9302368393593308,5.608346653629212,warning
2026-01-01T00:03:25Z,1767225805000,20.530003509674714,5.0,55.0,22.0,0.9185417069362299,1.6103645732659426,3.9499999999999997,6.299127843807826,warning
2026-01-01T00:03:26Z,1767225806000,20.541716891354213,5.0,54.917267711986106,22.0,0.9175997192260229,1.6106000701934944,3.9499999999999997,5.436763213894524,warning
2026-01-01T00:03:27Z,1767225807000,20.553365819889823,5.0,55.0,22.0,0.916662648691663,1.6075250463065287,3.9375901567979157,5.714992503171299,warning
2026-01-01T00:03:28Z,1767225808000,20.564957250309998,5.0,55.0,22.0,0.9157307344088143,1.6110673163977964,3.9499999999999997,5.734431091802806,warning
2026-01-01T00:03:29Z,1767225809000,20.57648817346338,5.0,55.0,22.0,0.9148034199752002,1.6112991450062,3.9499999999999997,5.753884700048921,warning
2026-01-01T00:03:30Z,1767225810000,20.587958905197905,5.0,55.0,22.0,0.9138809461229295,1.6115297634692678,3.9499999999999997,5.9242650825429894,warning
2026-01-01T00:03:31Z,1767225811000,20.599369759712772,5.0,55.0,22.0,0.9129632875841677,1.6117591781039582,3.9499999999999997,5.964088217221342,warning
2026-01-01T00:03:32Z,1767225812000,20.610721049567072,5.0,55.0,22.0,0.9120504192229782,1.6119873951942556,3.9499999999999997,6.234409008033686,warning
2026-01-01T00:03:33Z,1767225813000,20.622013085688334,5.0,55.0,22.0,0.9111423160346342,1.6122144209913416,3.9499999999999997,5.7666147154802445,warning
2026-01-01T00:03:34Z,1767225814000,20.63324617738104,5.0,55.0,22.0,0.9102389531449333,1.6124402617137668,3.9499999999999997,6.07391755899557,warning
2026-01-01T00:03:35Z,1767225815000,20.64442063233511,5.0,55.0,22.0,0.9093403058095169,1.612664923547621,3.9499999999999997,5.1579347,warning
2026-01-01T00:03:36Z,1767225816000,20.65553675663432,5.0,54.80990541547221,22.0,0.9084463494131914,1.6128884126467022,3.9499999999999997,5.215677844818014,warning
2026-01-01T00:03:37Z,1767225817000,20.66658725098131,5.0,55.0,22.0,0.9075570594692545,1.6055069517515745,3.921485812320831,5.7602703058227105,warning
2026-01-01T00:03:38Z,1767225818000,20.677587665531185,5.0,55.0,22.0,0.9066730199214954,1.6133317450196263,3.9499999999999997,5.714992503171299,warning
2026-01-01T00:03:39Z,1767225819000,20.688530657917113,5.0,54.74499282350021,22.0,0.9057929867575053,1.6135517533106238,3.9499999999999997,5.289166737679541,warning
2026-01-01T00:03:40Z,1767225820000,20.699406327595725,5.0,55.0,22.0,0.904917547366631,1.6035703260983507,3.911748923525032,5.994856832159392,warning
2026-01-01T00:03:41Z,1767225821000,20.710235426565674,5.0,55.0,22.0,0.9040474937923421,1.6139881265519145,3.9499999999999997,5.529694380215257,warning
2026-01-01T00:03:42Z,1767225822000,20.721007997639003,5.0,54.83180792186841,22.0,0.9031811658747461,1.6142047085313136,3.9499999999999997,5.372061795508886,warning
2026-01-01T00:03:43Z,1767225823000,20.731717608208204,5.0,55.0,22.0,0.9023193601888798,1.6076924768275165,3.9247711882802614,5.789715103868333,warning
2026-01-01T00:03:44Z,1767225824000,20.742378042293357,5.0,54.98494440860771,22.0,0.9014625913433437,1.6146343521641642,3.9499999999999997,5.101607800000001,warning
2026-01-01T00:03:45Z,1767225825000,20.75298222668893,5.0,55.0,22.0,0.9006097566165315,1.6142453371901755,3.9477416612911562,5.9644895168579115,warning
2026-01-01T00:03:46Z,1767225826000,20.763531659465613,5.0,55.0,22.0,0.8997614218648857,1.6150596445337786,3.9499999999999997,5.501464632280163,warning
2026-01-01T00:03:47Z,1767225827000,20.774026024203202,5.0,55.0,22.0,0.898917467242751,1.6152706331893123,3.9499999999999997,5.640476154050344,warning
2026-01-01T00:03:48Z,1767225828000,20.78446560835686,5.0,54.91632102570236,22.0,0.8980779180637439,1.615480520484064,3.9499999999999997,5.427462022968247,warning
2026-01-01T00:03:49Z,1767225829000,20.794847350722264,5.0,55.0,22.0,0.8972427513314511,1.6123421531952316,3.9374481538553536,5.70527882661186,warning
2026-01-01T00:03:50Z,1767225830000,20.805178247551495,5.0,54.953303744323236,22.0,0.8964122119422189,1.6158969470144453,3.9499999999999997,5.0935611,warning
2026-01-01T00:03:51Z,1767225831000,20.81545334924905,5.0,55.0,22.0,0.8955857401958804,1.6142357147239594,3.9429955616484853,5.582879900438586,warning
2026-01-01T00:03:52Z,1767225832000,20.82567668276597,5.0,55.0,22.0,0.894763732060076,1.6163090669849811,3.9499999999999997,5.889673142593982,warning
2026-01-01T00:03:53Z,1767225833000,20.83584665048193,5.0,55.0,22.0,0.8939458653787224,1.6165135336553194,3.9499999999999997,5.640476154050344,warning
2026-01-01T00:03:54Z,1767225834000,20.845963530966415,5.0,55.0,22.0,0.8931322679614456,1.6167169330096387,3.9499999999999997,5.799537526891953,warning
2026-01-01T00:03:55Z,1767225835000,20.85602760133477,5.0,55.0,22.0,0.8923229175226869,1.6169192706193283,3.9499999999999997,5.979931494295169,warning
2026-01-01T00:03:56Z,1767225836000,20.866039137255804,5.0,55.0,22.0,0.8915177918932184,1.6171205520266954,3.9499999999999997,5.87825257814408,warning
2026-01-01T00:03:57Z,1767225837000,20.87599841295933,5.0,55.0,22.0,0.8907168690195357,1.6173207827451161,3.9499999999999997,5.149888000000001,warning
2026-01-01T00:03:58Z,1767225838000,20.885905701243683,5.0,55.0,22.0,0.8899201269632536,1.6175199682591868,3.9499999999999997,5.724709922955062,warning
2026-01-01T00:03:59Z,1767225839000,20.895761273483192,5.0,55.0,22.0,0.8891275439005054,1.6177181140248738,3.9499999999999997,5.077467700000001,warning
2026-01-01T00:04:00Z,1767225840000,20.90556539963561,5.0,55.0,22.0,0.8883390981213447,1.6179152254696638,3.9499999999999997,5.934155838018362,warning
2026-01-01T00:04:01Z,1767225841000,20.91531834824951,5.0,54.89694526831414,22.0,0.8875547680291513,1.6181113079927123,3.9499999999999997,5.106892139297983,warning
2026-01-01T00:04:02Z,1767225842000,20.92501626428238,5.0,55.0,22.0,0.8867745321400392,1.6141841776975558,3.934541790247121,5.934155838018362,warning
2026-01-01T00:04:03Z,1767225843000,20.934667679382827,5.0,54.91349957591222,22.0,0.8859986988574097,1.6185003252856476,3.9499999999999997,5.399580781062756,warning
2026-01-01T00:04:04Z,1767225844000,20.944265254079486,5.0,54.727188449406164,22.0,0.885226585649374,1.6152333366241454,3.9370249363868326,5.161815738010029,warning
2026-01-01T00:04:05Z,1767225845000,20.95380527699117,5.0,54.860924309679795,22.0,0.8844587796736412,1.6079728430578362,3.9090782674109246,5.554131834148313,warning
2026-01-01T00:04:06Z,1767225846000,20.963300850417664,5.0,54.855024458070716,22.0,0.8836955778407065,1.6135130779270153,3.9291386464519693,5.416976261220986,warning
2026-01-01T00:04:07Z,1767225847000,20.972746620956805,5.0,55.0,22.0,0.8829359319665869,1.6134669953311818,3.928253668710607,5.701481303775439,warning
2026-01-01T00:04:08Z,1767225848000,20.98214888359541,5.0,55.0,22.0,0.8821802703234557,1.619454932419136,3.9499999999999997,5.582879900438586,warning
2026-01-01T00:04:09Z,1767225849000,20.991502066423042,5.0,54.99629141904639,22.0,0.8814280893123672,1.6196429776719083,3.9499999999999997,5.4451057304539425,warning
2026-01-01T00:04:10Z,1767225850000,21.000806277293076,5.0,54.97770807519589,22.0,0.8806798346861567,1.6196816980903166,3.949443712856959,5.0291875,warning
2026-01-01T00:04:11Z,1767225851000,21.010061176848616,5.0,55.0,22.0,0.8799354978165539,1.6191244485536973,3.9466562112793837,5.433451174321045,warning
2026-01-01T00:04:12Z,1767225852000,21.019268657505467,5.0,55.0,22.0,0.8791951058521108,1.6202012235369723,3.9499999999999997,5.726051520373262,warning
2026-01-01T00:04:13Z,1767225853000,21.02842807511329,5.0,54.99101277272618,22.0,0.8784585073995627,1.6203853731501094,3.9499999999999997,5.398241686405245,warning
2026-01-01T00:04:14Z,1767225854000,21.037539321072106,5.0,54.89139496420278,22.0,0.8777257539909369,1.620209072411313,3.948651915908927,5.027225303518887,warning
2026-01-01T00:04:15Z,1767225855000,21.04659902161468,5.0,55.0,22.0,0.8769968543142316,1.6164065849895533,3.933709244630417,5.550364315003232,warning
2026-01-01T00:04:16Z,1767225856000,21.05561577472185,5.0,54.98581052867048,22.0,0.8762720782708258,1.6209319804322937,3.9499999999999997,5.351469325073959,warning
2026-01-01T00:04:17Z,1767225857000,21.064584892798948,5.0,55.0,22.0,0.875550738022252,1.6205447366412562,3.9478715793005716,5.4145506766455584,warning
2026-01-01T00:04:18Z,1767225858000,21.073507759658536,5.0,55.0,22.0,0.8748332085760843,1.621291697855979,3.9499999999999997,5.487181709255759,warning
2026-01-01T00:04:19Z,1767225859000,21.08238404915312,5.0,54.81764594325102,22.0,0.8741193792273172,1.6214701551931707,3.9499999999999997,5.207028201752054,warning
2026-01-01T00:04:20Z,1767225860000,21.09120671025427,5.0,55.0,22.0,0.8734092760677504,1.6143535187131033,3.9226468914876533,5.686586614014456,warning
2026-01-01T00:04:21Z,1767225861000,21.09999061122674,5.0,55.0,22.0,0.8727034631796585,1.6218241342050854,3.9499999999999997,5.652592176209194,warning
2026-01-01T00:04:22Z,1767225862000,21.108728660236135,5.0,54.81663594546614,22.0,0.8720007511018608,1.621999812224535,3.9499999999999997,5.099143918787561,warning
2026-01-01T00:04:23Z,1767225863000,21.11741376206752,5.0,54.887065254723716,22.0,0.8713017071811092,1.6148400110233683,3.9224953918199206,5.4145506766455584,warning
2026-01-01T00:04:24Z,1767225864000,21.126056344839718,5.0,55.0,22.0,0.8706068990345983,1.6178308854302992,3.933059788208557,5.487181709255759,warning
2026-01-01T00:04:25Z,1767225865000,21.134658330719656,5.0,54.818603301606494,22.0,0.8699154924128226,1.6225211268967943,3.9499999999999997,5.063411617561372,warning
2026-01-01T00:04:26Z,1767225866000,21.143208158365365,5.0,55.0,22.0,0.8692273335424275,1.615437298678653,3.922790495240974,6.034117910915107,warning
2026-01-01T00:04:27Z,1767225867000,21.151720611778696,5.0,55.0,22.0,0.8685433473307709,1.6228641631673073,3.9499999999999997,5.461829308856232,warning
2026-01-01T00:04:28Z,1767225868000,21.16018863018521,5.0,54.81663594546614,22.0,0.8678623510577044,1.623034412235574,3.9499999999999997,5.099143918787561,warning
2026-01-01T00:04:29Z,1767225869000,21.168605110973463,5.0,55.0,22.0,0.8671849095851832,1.6158692104223498,3.9224953918199206,5.779767421111163,warning
2026-01-01T00:04:30Z,1767225870000,21.17698499229418,5.0,54.7364838192244,22.0,0.8665115911221231,1.6233721022194694,3.9499999999999997,5.171268680518375,warning
2026-01-01T00:04:31Z,1767225871000,21.185310589987175,5.0,54.55599633542258,22.0,0.8658412006164656,1.6129990526148594,3.9104725728836596,5.207028201752054,warning
2026-01-01T00:04:32Z,1767225872000,21.193585508560858,5.0,54.45805970335498,22.0,0.8651751528010261,1.6059460652166466,3.8833994503133864,5.25144062216564,warning
2026-01-01T00:04:33Z,1767225873000,21.201813314594304,5.0,54.44258252570388,22.0,0.8645131593151314,1.6021940983054161,3.8687089555032466,5.3047879165021445,warning
2026-01-01T00:04:34Z,1767225874000,21.20999755239315,5.0,54.67053136703941,22.0,0.8638549348324558,1.6017395673200412,3.8663873788555816,5.584301261071124,warning
2026-01-01T00:04:35Z,1767225875000,21.21814818642434,5.0,54.7396684626992,22.0,0.863200195808548,1.6110212057294393,3.9005797050559115,5.395664731411587,warning
2026-01-01T00:04:36Z,1767225876000,21.226259039629713,5.0,54.808315837264736,22.0,0.8625481450860528,1.6139497022364548,3.91095026940488,5.395664731411587,warning
2026-01-01T00:04:37Z,1767225877000,21.234330300076337,5.0,54.79239920235604,22.0,0.861899276829623,1.6168578142831835,3.92124737558971,5.323449612317036,warning
2026-01-01T00:04:38Z,1767225878000,21.242358791878033,5.0,55.0,22.0,0.8612535759938931,1.6163825740957682,3.9188598803534056,5.6767295264981925,warning
2026-01-01T00:04:39Z,1767225879000,21.25035367898443,5.0,54.90159298262398,22.0,0.8606112966497574,1.6248471758375607,3.9499999999999997,5.279145693101775,warning
2026-01-01T00:04:40Z,1767225880000,21.258302896499433,5.0,54.970255438908076,22.0,0.8599717056812458,1.621070792884648,3.935238947393597,5.405105887893216,warning
2026-01-01T00:04:41Z,1767225881000,21.266213365597263,5.0,55.0,22.0,0.8593357682800453,1.6239762754863116,3.9455383158362114,5.550364315003232,warning
2026-01-01T00:04:42Z,1767225882000,21.274083731828846,5.0,55.0,22.0,0.858702930752219,1.6253242673119452,3.9499999999999997,5.642825375980689,warning
2026-01-01T00:04:43Z,1767225883000,21.2819130147487,5.0,54.98892274089686,22.0,0.8580733014536924,1.625481674636577,3.9499999999999997,5.379521780824285,warning
2026-01-01T00:04:44Z,1767225884000,21.289700985721346,5.0,55.0,22.0,0.8574469588201041,1.6251951699308482,3.948338411134529,6.256650388187775,warning
2026-01-01T00:04:45Z,1767225885000,21.29744874657588,5.0,55.0,22.0,0.8568239211422923,1.625794019714427,3.9499999999999997,5.994856832159392,warning
2026-01-01T00:04:46Z,1767225886000,21.305156064118755,5.0,55.0,22.0,0.8562041002739296,1.6259489749315177,3.9499999999999997,5.979931494295169,warning
2026-01-01T00:04:47Z,1767225887000,21.312823149464055,5.0,55.0,22.0,0.8555875148704997,1.626103121282375,3.9499999999999997,5.87825257814408,warning
2026-01-01T00:04:48Z,1767225888000,21.320450212623854,5.0,55.0,22.0,0.8549741480428756,1.6262564629892813,3.9499999999999997,6.290843442653452,warning
2026-01-01T00:04:49Z,1767225889000,21.328037462513958,5.0,55.0,22.0,0.8543639829900918,1.6264090042524773,3.9499999999999997,5.91005987822032,warning
2026-01-01T00:04:50Z,1767225890000,21.335585106959634,5.0,55.0,22.0,0.8537570029988835,1.6265607492502792,3.9499999999999997,6.473223219874146,warning
2026-01-01T00:04:51Z,1767225891000,21.343093352701306,5.0,55.0,22.0,0.8531531914432293,1.6267117021391928,3.9499999999999997,6.0180020805090315,warning
2026-01-01T00:04:52Z,1767225892000,21.350562405400204,5.0,55.0,22.0,0.8525525317838956,1.6268618670540262,3.9499999999999997,6.115869513979194,warning
2026-01-01T00:04:53Z,1767225893000,21.357992469644014,5.0,55.0,22.0,0.8519550075679837,1.6270112481080041,3.9499999999999997,6.5413587302641,warning
2026-01-01T00:04:54Z,1767225894000,21.36538374895247,5.0,55.0,22.0,0.851360602428479,1.6271598493928803,3.9499999999999997,5.988105913270171,warning
2026-01-01T00:04:55Z,1767225895000,21.37273644578294,5.0,55.0,22.0,0.8507693000838024,1.6273076749790496,3.9499999999999997,6.384847280332099,warning
2026-01-01T00:04:56Z,1767225896000,21.380050761535955,5.0,55.0,22.0,0.8501810843373647,1.627454728915659,3.9499999999999997,6.275537188678794,warning
2026-01-01T00:04:57Z,1767225897000,21.387326896560737,5.0,55.0,22.0,0.8495959390771236,1.6276010152307192,3.9499999999999997,6.305589159900263,warning
2026-01-01T00:04:58Z,1767225898000,21.39456505016069,5.0,55.0,22.0,0.8490138482751411,1.6277465379312148,3.9499999999999997,7.989195893629182,warning
2026-01-01T00:04:59Z,1767225899000,21.401765420598853,5.0,55.0,22.0,0.8484347959871449,1.6278913010032139,3.9499999999999997,6.65072143643902,warning
2026-01-01T00:05:00Z,1767225900000,21.408928205103326,5.0,55.0,22.0,0.8478587663520918,1.6280353084119772,3.9499999999999997,8.0,warning
2026-01-01T00:05:01Z,1767225901000,21.416053599872686,5.0,55.0,22.0,0.847285743591734,1.6281785641020665,3.9499999999999997,5.841904199999999,warning
2026-01-01T00:05:02Z,1767225902000,21.42314180008135,5.0,54.81402609841769,22.0,0.8467157120101851,1.628321071997454,3.9499999999999997,6.07611562316252,warning
2026-01-01T00:05:03Z,1767225903000,21.430185560928862,5.0,55.0,22.0,0.8461486559934921,1.6210238799383347,3.9221039147626535,6.368537683096348,warning
2026-01-01T00:05:04Z,1767225904000,21.437199992300812,5.0,55.0,22.0,0.8455851551256911,1.6286037112185774,3.9499999999999997,6.2030693004550495,warning
2026-01-01T00:05:05Z,1767225905000,21.444177808341003,5.0,55.0,22.0,0.8450240006159351,1.6287439998460163,3.9499999999999997,6.765109261095799,warning
2026-01-01T00:05:06Z,1767225906000,21.451119200181463,5.0,55.0,22.0,0.8444657753327198,1.6288835561668202,3.9499999999999997,6.648765287905059,warning
2026-01-01T00:05:07Z,1767225907000,21.458024357956514,5.0,55.0,22.0,0.843910463985483,1.6290223840036293,3.9499999999999997,6.344155707021043,warning
2026-01-01T00:05:08Z,1767225908000,21.464893470807983,5.0,55.0,22.0,0.8433580513634789,1.6291604871591303,3.9499999999999997,5.7775305999999995,warning
2026-01-01T00:05:09Z,1767225909000,21.471726726890367,5.0,54.806493145755624,22.0,0.8428085223353614,1.6292978694161597,3.9499999999999997,6.000807001795611,warning
2026-01-01T00:05:10Z,1767225910000,21.478516573101828,5.0,54.7066786347798,22.0,0.8422618618487707,1.6216942603680324,3.9209739718633436,6.044626945498591,warning
2026-01-01T00:05:11Z,1767225911000,21.485266983735627,5.0,54.892838329987626,22.0,0.8417186741518538,1.6178374768532287,3.90600179521697,6.260602102645023,warning
2026-01-01T00:05:12Z,1767225912000,21.491989603613728,5.0,54.885138689734475,22.0,0.8411786413011498,1.6254188728742176,3.933925749498144,6.09745323401666,warning
2026-01-01T00:05:13Z,1767225913000,21.498676823430454,5.0,55.0,22.0,0.8406408317109018,1.6252453396616537,3.9327708034601714,6.322705270820257,warning
2026-01-01T00:05:14Z,1767225914000,21.505333730412147,5.0,55.0,22.0,0.8401058541255637,1.6299735364686092,3.9499999999999997,6.2508148059473365,warning
2026-01-01T00:05:15Z,1767225915000,21.511955888339397,5.0,55.0,22.0,0.8395733015670283,1.630106674608243,3.9499999999999997,6.414579497792852,warning
2026-01-01T00:05:16Z,1767225916000,21.518543478602265,5.0,55.0,22.0,0.8390435289328483,1.6302391177667879,3.9499999999999997,7.015742740476933,warning
2026-01-01T00:05:17Z,1767225917000,21.525096681643962,5.0,55.0,22.0,0.8385165217118189,1.6303708695720454,3.9499999999999997,6.775465721849087,warning
2026-01-01T00:05:18Z,1767225918000,21.53161567696578,5.0,55.0,22.0,0.837992265468483,1.6305019336328792,3.9499999999999997,7.251879837919907,warning
2026-01-01T00:05:19Z,1767225919000,21.53810064313202,5.0,55.0,22.0,0.8374707458427375,1.6306323135393157,3.9499999999999997,7.534557683077244,warning
2026-01-01T00:05:20Z,1767225920000,21.54455175777487,5.0,55.0,22.0,0.8369519485494386,1.6307620128626406,3.9499999999999997,7.405245453967183,warning
2026-01-01T00:05:21Z,1767225921000,21.550969197599283,5.0,55.0,22.0,0.8364358593780106,1.6308910351554975,3.9499999999999997,8.0,warning
2026-01-01T00:05:22Z,1767225922000,21.557353138387814,5.0,55.0,22.0,0.8359224641920574,1.6310193839519858,3.9499999999999997,7.859883878769908,warning
2026-01-01T00:05:23Z,1767225923000,21.56370375500543,5.0,55.0,22.0,0.835411748928975,1.6311470627677562,3.9499999999999997,7.800477297835826,warning
2026-01-01T00:05:24Z,1767225924000,21.570021221404303,5.0,55.0,22.0,0.8349036995995656,1.6312740751001087,3.9499999999999997,6.292519400000001,warning
2026-01-01T00:05:25Z,1767225925000,21.576305710628574,5.0,55.0,22.0,0.8343983022876558,1.6314004244280862,3.9499999999999997,6.115492,warning
2026-01-01T00:05:26Z,1767225926000,21.582557394819094,5.0,54.84857992148549,22.0,0.8338955431497141,1.6315261142125714,3.9499999999999997,6.399223793076682,warning
2026-01-01T00:05:27Z,1767225927000,21.588770388414996,5.0,55.0,22.0,0.8333954084144725,1.6255943447558014,3.927286988222823,7.404280710700385,warning
2026-01-01T00:05:28Z,1767225928000,21.59495700698747,5.0,55.0,22.0,0.8328983689268004,1.6317754077683,3.9499999999999997,7.848828538418602,warning
2026-01-01T00:05:29Z,1767225929000,21.601111331410998,5.0,55.0,22.0,0.8324034394410024,1.6318991401397493,3.9499999999999997,7.262185348563,warning
2026-01-01T00:05:30Z,1767225930000,21.60723353026103,5.0,55.0,22.0,0.8319110934871202,1.63202222662822,3.9499999999999997,7.93854914535478,warning
2026-01-01T00:05:31Z,1767225931000,21.61332377123307,5.0,55.0,22.0,0.8314213175791176,1.6321446706052207,3.9499999999999997,7.420122730855047,warning
2026-01-01T00:05:32Z,1767225932000,21.619382221147234,5.0,55.0,22.0,0.8309340983013545,1.6322664754246614,3.9499999999999997,7.462414968708358,warning
2026-01-01T00:05:33Z,1767225933000,21.625409045952846,5.0,55.0,22.0,0.8304494223082214,1.6323876444229448,3.9499999999999997,7.138806622604302,warning
2026-01-01T00:05:34Z,1767225934000,21.631404410732973,5.0,55.0,22.0,0.8299672763237723,1.632508180919057,3.9499999999999997,7.504781860820247,warning
2026-01-01T00:05:35Z,1767225935000,21.637368479708947,5.0,55.0,22.0,0.8294876471413622,1.6326280882146595,3.9499999999999997,7.179553447902153,warning
2026-01-01T00:05:36Z,1767225936000,21.643301416244867,5.0,55.0,22.0,0.8290105216232843,1.632747369594179,3.9499999999999997,6.454157892984979,warning
2026-01-01T00:05:37Z,1767225937000,21.64920338285207,5.0,55.0,22.0,0.8285358867004107,1.6328660283248975,3.9499999999999997,7.0981344515650155,warning
2026-01-01T00:05:38Z,1767225938000,21.65507454119358,5.0,54.888594370226144,22.0,0.8280637293718346,1.6329840676570413,3.9499999999999997,6.737168348569831,warning
2026-01-01T00:05:39Z,1767225939000,21.66091059586336,5.0,54.77317004879878,22.0,0.8275940367045135,1.6286452656329173,3.9332891555339216,6.698264431646325,warning
2026-01-01T00:05:40Z,1767225940000,21.666711569354906,5.0,54.93070909636494,22.0,0.8271271523309313,1.6241450138692186,3.9159755073198173,6.2442392,warning
2026-01-01T00:05:41Z,1767225941000,21.672488563326727,5.0,55.0,22.0,0.8266630744516076,1.630562595241696,3.9396063644547414,6.155725499999999,warning
2026-01-01T00:05:42Z,1767225942000,21.678238173026163,5.0,55.0,22.0,0.8262009149338618,1.6334497712665346,3.9499999999999997,5.9786981,warning
2026-01-01T00:05:43Z,1767225943000,21.683957769762966,5.0,55.0,22.0,0.825740946157907,1.6335647634605233,3.9499999999999997,5.841904199999999,warning
2026-01-01T00:05:44Z,1767225944000,21.689647510204804,5.0,55.0,22.0,0.8252833784189628,1.6336791553952594,3.9499999999999997,5.6970636,warning
2026-01-01T00:05:45Z,1767225945000,21.695307550201534,5.0,55.0,22.0,0.8248281991836157,1.6337929502040962,3.9499999999999997,5.4395692,warning
2026-01-01T00:05:46Z,1767225946000,21.70093804478948,5.0,55.0,22.0,0.8243753959838773,1.6339061510040307,3.9499999999999997,5.343008800000001,warning
2026-01-01T00:05:47Z,1767225947000,21.70653914819568,5.0,55.0,22.0,0.8239249564168415,1.6340187608957897,3.9499999999999997,6.03641558177998,warning
2026-01-01T00:05:48Z,1767225948000,21.7121110138421,5.0,54.88388477484503,22.0,0.8234768681443456,1.6341307829639136,3.9499999999999997,5.374627796180808,warning
2026-01-01T00:05:49Z,1767225949000,21.71764914974084,5.0,54.82156818801895,22.0,0.8230311188926319,1.6295976112706432,3.9325827162267544,5.623578423621606,warning
2026-01-01T00:05:50Z,1767225950000,21.723155883906713,5.0,55.0,22.0,0.8225880680207328,1.627215710515575,3.9232352282028424,5.9868836532506995,warning
2026-01-01T00:05:51Z,1767225951000,21.72864101019272,5.0,55.0,22.0,0.8221475292874629,1.6344631176781343,3.9499999999999997,5.709272847455504,warning
2026-01-01T00:05:52Z,1767225952000,21.734097504119514,5.0,55.0,22.0,0.8217087191845823,1.6345728202038545,3.9499999999999997,6.551702064661752,warning
2026-01-01T00:05:53Z,1767225953000,21.73952551514801,5.0,55.0,22.0,0.8212721996704389,1.6346819500823904,3.9499999999999997,6.105924037565683,warning
2026-01-01T00:05:54Z,1767225954000,21.744925191958938,5.0,55.0,22.0,0.8208379587881592,1.6347905103029603,3.9499999999999997,6.6105153323883314,warning
2026-01-01T00:05:55Z,1767225955000,21.750296682456913,5.0,55.0,22.0,0.820405984643285,1.6348985038391788,3.9499999999999997,5.988105913270171,warning
2026-01-01T00:05:56Z,1767225956000,21.755640133774488,5.0,55.0,22.0,0.819976265403447,1.6350059336491383,3.9499999999999997,6.305085978197846,warning
2026-01-01T00:05:57Z,1767225957000,21.760955692276184,5.0,54.78181710900012,22.0,0.819548789298041,1.6351128026754898,3.9499999999999997,5.633155761948821,warning
2026-01-01T00:05:58Z,1767225958000,21.76623477624686,5.0,54.83433601625491,22.0,0.8191235446179054,1.6264917982055285,3.9172725663500185,5.899808978989149,warning
2026-01-01T00:05:59Z,1767225959000,21.7714884041555,5.0,54.88526769437549,22.0,0.8187012179002512,1.6286981361751336,3.9251504024382364,5.890244781046886,warning
2026-01-01T00:06:00Z,1767225960000,21.776716645393584,5.0,54.918757274333835,22.0,0.8182809276675599,1.6308404758581296,3.932790154156324,5.3993357,warning
2026-01-01T00:06:01Z,1767225961000,21.781918934795602,5.0,54.88334791409449,22.0,0.8178626683685133,1.6322846238812252,3.9378135911500753,5.343008800000001,warning
2026-01-01T00:06:02Z,1767225962000,21.787092651872534,5.0,54.73466229465983,22.0,0.8174464852163519,1.630972295259692,3.932502187114174,5.575414826945623,warning
2026-01-01T00:06:03Z,1767225963000,21.792233414721547,5.0,54.49565207955806,22.0,0.8170325878501973,1.6251283448238438,3.910199344198974,5.471780416292834,warning
2026-01-01T00:06:04Z,1767225964000,21.797337782379884,5.0,54.78070453042572,22.0,0.8166213268222763,1.6156707514767534,3.8743478119337094,5.967097983717434,warning
2026-01-01T00:06:05Z,1767225965000,21.80242690733708,5.0,55.0,22.0,0.8162129774096093,1.6271749368646267,3.9171056795638584,6.07391755899557,warning
2026-01-01T00:06:06Z,1767225966000,21.80749823888078,5.0,54.761337284949164,22.0,0.8158058474130337,1.6360485381467416,3.9499999999999997,5.499303691163998,warning
2026-01-01T00:06:07Z,1767225967000,21.81253355156522,5.0,55.0,22.0,0.8154001408895377,1.6266034561755822,3.9142005927423744,5.996782283883382,warning
2026-01-01T00:06:08Z,1767225968000,21.81755212642605,5.0,55.0,22.0,0.8149973158747824,1.6362506710313045,3.9499999999999997,6.3375426241984725,warning
2026-01-01T00:06:09Z,1767225969000,21.822544504326107,5.0,55.0,22.0,0.814595829885916,1.636351042528521,3.9499999999999997,6.252562651413641,warning
2026-01-01T00:06:10Z,1767225970000,21.827510822013526,5.0,55.0,22.0,0.8141964396539115,1.6364508900865222,3.9499999999999997,6.224442481179496,warning
2026-01-01T00:06:11Z,1767225971000,21.832451215522614,5.0,55.0,22.0,0.8137991342389179,1.6365502164402705,3.9499999999999997,6.106671260306602,warning
2026-01-01T00:06:12Z,1767225972000,21.837365820177585,5.0,55.0,22.0,0.813403902758191,1.6366490243104523,3.9499999999999997,6.284901149643452,warning
2026-01-01T00:06:13Z,1767225973000,21.84225477059626,5.0,55.0,22.0,0.8130107343857933,1.6367473164035518,3.9499999999999997,6.325286854147608,warning
2026-01-01T00:06:14Z,1767225974000,21.847118200693746,5.0,54.87360822365741,22.0,0.8126196183522993,1.6368450954119251,3.9499999999999997,5.808769008352938,warning
2026-01-01T00:06:15Z,1767225975000,21.85195118801507,5.0,55.0,22.0,0.8122305439445003,1.6318866929601714,3.931041233548612,6.65694115019472,warning
2026-01-01T00:06:16Z,1767225976000,21.856764002813634,5.0,55.0,22.0,0.8118439049587943,1.6370390237603014,3.9499999999999997,6.094777965723577,warning
2026-01-01T00:06:17Z,1767225977000,21.861551694718948,5.0,55.0,22.0,0.8114588797749094,1.6371352800562726,3.9499999999999997,6.094777965723577,warning
2026-01-01T00:06:18Z,1767225978000,21.866314394872514,5.0,55.0,22.0,0.8110758644224842,1.637231033894379,3.9499999999999997,6.578436452971765,warning
2026-01-01T00:06:19Z,1767225979000,21.87105223373128,5.0,55.0,22.0,0.8106948484101989,1.6373262878974504,3.9499999999999997,6.477309650026886,warning
2026-01-01T00:06:20Z,1767225980000,21.875765341071205,5.0,55.0,22.0,0.8103158213014976,1.6374210446746256,3.9499999999999997,6.354677918709848,warning
2026-01-01T00:06:21Z,1767225981000,21.880453845990814,5.0,55.0,22.0,0.8099387727143037,1.637515306821424,3.9499999999999997,6.456399287501925,warning
2026-01-01T00:06:22Z,1767225982000,21.88511787691474,5.0,54.86070702991673,22.0,0.8095636923207349,1.6376090769198164,3.9499999999999997,5.755329380702604,warning
2026-01-01T00:06:23Z,1767225983000,21.88975198987844,5.0,55.0,22.0,0.8091905698468208,1.6321306387349641,3.9291060544875096,6.426163366879276,warning
2026-01-01T00:06:24Z,1767225984000,21.894367484491276,5.0,54.89051706610553,22.0,0.8088198408097248,1.637795039797569,3.9499999999999997,5.96887443762798,warning
2026-01-01T00:06:25Z,1767225985000,21.898954506904875,5.0,54.7556717729517,22.0,0.8084506012406979,1.6335080323340467,3.9335775599158294,5.700510160381396,warning
2026-01-01T00:06:26Z,1767225986000,21.90351219124975,5.0,55.0,22.0,0.8080836394476101,1.6282059610561654,3.913350765942755,6.28498024205637,warning
2026-01-01T00:06:27Z,1767225987000,21.908055857611426,5.0,55.0,22.0,0.8077190247000201,1.638070243824995,3.9499999999999997,6.304873366738366,warning
2026-01-01T00:06:28Z,1767225988000,21.912575806034695,5.0,54.771896367712856,22.0,0.807355531391086,1.6381611171522286,3.9499999999999997,5.761860809995719,warning
2026-01-01T00:06:29Z,1767225989000,21.917063036181904,5.0,54.653964585447156,22.0,0.8069939355172244,1.6291273708292082,3.915784455156928,5.8745529279214095,warning
2026-01-01T00:06:30Z,1767225990000,21.921522125716454,5.0,55.0,22.0,0.8066349571054477,1.6244998441415242,3.8980946878170735,6.568086917809492,warning
2026-01-01T00:06:31Z,1767225991000,21.925971780220213,5.0,54.977654279034375,22.0,0.8062782299426837,1.6384304425143292,3.9499999999999997,5.982806802727487,warning
2026-01-01T00:06:32Z,1767225992000,21.930397313698624,5.0,54.95320005040703,22.0,0.805922257582383,1.6376256067657793,3.9466481418551562,5.963756320133655,warning
2026-01-01T00:06:33Z,1767225993000,21.934798767723134,5.0,55.0,22.0,0.8055682149041101,1.6367359482902537,3.942980007561054,6.426533579932925,warning
2026-01-01T00:06:34Z,1767225994000,21.939179118155618,5.0,55.0,22.0,0.8052160985821494,1.6386959753544628,3.9499999999999997,6.385906498031659,warning
2026-01-01T00:06:35Z,1767225995000,21.943536603158847,5.0,55.0,22.0,0.8048656705475506,1.6387835823631125,3.9499999999999997,6.172665203633927,warning
2026-01-01T00:06:36Z,1767225996000,21.94787134209036,5.0,55.0,22.0,0.8045170717472923,1.638870732063177,3.9499999999999997,6.172665203633927,warning
2026-01-01T00:06:37Z,1767225997000,21.952183453684647,5.0,55.0,22.0,0.8041702926327713,1.6389574268418072,3.9499999999999997,6.825938524930772,warning
2026-01-01T00:06:38Z,1767225998000,21.956473056056414,5.0,54.990365185852916,22.0,0.8038253237052283,1.639043669073693,3.9499999999999997,6.087876732153271,warning
2026-01-01T00:06:39Z,1767225999000,21.960739881311234,5.0,55.0,22.0,0.803482155515487,1.638744068555245,3.9485547778779373,6.312820866107817,warning
2026-01-01T00:06:40Z,1767226000000,21.96498481913079,5.0,54.989192519189714,22.0,0.8031408094951014,1.6392147976262248,3.9499999999999997,6.078304364771661,warning
2026-01-01T00:06:41Z,1767226001000,21.969207166075694,5.0,55.0,22.0,0.8028012144695368,1.6388673971502044,3.948378877878457,6.384610076804865,warning
2026-01-01T00:06:42Z,1767226002000,21.97340790466878,5.0,55.0,22.0,0.8024634267139444,1.639384143321514,3.9499999999999997,6.486672471017527,warning
2026-01-01T00:06:43Z,1767226003000,21.977586715406407,5.0,55.0,22.0,0.8021273676264977,1.6394681580933756,3.9499999999999997,6.352383385282933,warning
2026-01-01T00:06:44Z,1767226004000,21.981743712751985,5.0,54.76286500852891,22.0,0.8017930627674875,1.639551734308128,3.9499999999999997,5.872812862589741,warning
2026-01-01T00:06:45Z,1767226005000,21.98586952517176,5.0,55.0,22.0,0.8014605029798412,1.6301494745961962,3.9144297512793367,6.558765444242218,warning
2026-01-01T00:06:46Z,1767226006000,21.989983286250364,5.0,55.0,22.0,0.8011304379862592,1.6397173905034352,3.9499999999999997,6.682409499755895,warning
2026-01-01T00:06:47Z,1767226007000,21.994075573496136,5.0,55.0,22.0,0.8008013370999709,1.6397996657250073,3.9499999999999997,6.484653943697617,warning
2026-01-01T00:06:48Z,1767226008000,21.998146499002488,5.0,55.0,22.0,0.8004739541203091,1.6398815114699228,3.9499999999999997,6.922486785223014,warning
2026-01-01T00:06:49Z,1767226009000,22.002196174277696,5.0,54.911677418223675,22.0,0.800148280079801,1.6399629299800498,3.9499999999999997,6.15875488174305,warning
2026-01-01T00:06:50Z,1767226010000,22.006221177344695,5.0,55.0,22.0,0.7998243060577843,1.636511020214501,3.936751612733551,6.378375189221062,warning
2026-01-01T00:06:51Z,1767226011000,22.010228702798955,5.0,55.0,22.0,0.7995023058124244,1.640124423546894,3.9499999999999997,6.2126958715935485,warning
2026-01-01T00:06:52Z,1767226012000,22.014215308970343,5.0,55.0,22.0,0.7991817037760837,1.6402045740559792,3.9499999999999997,6.275972307086755,warning
2026-01-01T00:06:53Z,1767226013000,22.01818110505752,5.0,55.0,22.0,0.7988627752823726,1.640284306179407,3.9499999999999997,6.266248686330145,warning
2026-01-01T00:06:54Z,1767226014000,22.02212619968912,5.0,55.0,22.0,0.7985455115953985,1.6403636221011504,3.9499999999999997,6.922486785223014,warning
2026-01-01T00:06:55Z,1767226015000,22.026050700926742,5.0,55.0,22.0,0.7982299040248706,1.6404425239937823,3.9499999999999997,6.575052247866335,warning
2026-01-01T00:06:56Z,1767226016000,22.029954716267905,5.0,55.0,22.0,0.7979159439258606,1.640521014018535,3.9499999999999997,6.763575665524993,warning
2026-01-01T00:06:57Z,1767226017000,22.03383835264899,5.0,55.0,22.0,0.7976036226985677,1.640599094325358,3.9499999999999997,5.801670700000001,warning
2026-01-01T00:06:58Z,1767226018000,22.03770171644816,5.0,54.85299215763703,22.0,0.7972929317880809,1.6406767670529798,3.9499999999999997,5.865412453326198,warning
2026-01-01T00:06:59Z,1767226019000,22.041539033174608,5.0,54.7109451617856,22.0,0.7969838626841471,1.6348737206344446,3.9279488236455546,5.81029639122845,warning
2026-01-01T00:07:00Z,1767226020000,22.04535063722791,5.0,54.47892280630527,22.0,0.7966768773460314,1.6292685871349164,3.90664177426784,5.835763191667891,warning
2026-01-01T00:07:01Z,1767226021000,22.04913306381383,5.0,54.71753134649041,22.0,0.7963719490217673,1.620063924996769,3.8718384209457906,6.273324592075764,warning
2026-01-01T00:07:02Z,1767226022000,22.05290529047458,5.0,55.0,22.0,0.7960693548948936,1.6296839151358933,3.9076297019735615,6.528188498198974,warning
2026-01-01T00:07:03Z,1767226023000,22.056669124858303,5.0,54.95521298623364,22.0,0.7957675767620336,1.6410581058094917,3.9499999999999997,5.6751021833725455,warning
2026-01-01T00:07:04Z,1767226024000,22.06041152054599,5.0,55.0,22.0,0.7954664700113359,1.6393419019465116,3.943281947935046,6.825938524930772,warning
2026-01-01T00:07:05Z,1767226025000,22.06413617240874,5.0,55.0,22.0,0.7951670783563208,1.64120823041092,3.9499999999999997,5.648783400000001,warning
2026-01-01T00:07:06Z,1767226026000,22.067841381588767,5.0,55.0,22.0,0.7948691062073008,1.6412827234481748,3.9499999999999997,6.253601180195128,warning
2026-01-01T00:07:07Z,1767226027000,22.071527249576874,5.0,55.0,22.0,0.7945726894728986,1.6413568276317754,3.9499999999999997,5.5602697,warning
2026-01-01T00:07:08Z,1767226028000,22.075193877334083,5.0,54.875546961818095,22.0,0.7942778200338501,1.6414305449915376,3.9499999999999997,5.82754429630308,warning
2026-01-01T00:07:09Z,1767226029000,22.07883638717287,5.0,54.74945621858713,22.0,0.7939844898132734,1.6365257560194055,3.931332044272714,5.56410041400046,warning
2026-01-01T00:07:10Z,1767226030000,22.082454839480572,5.0,54.953619583200805,22.0,0.7936930890261704,1.6315549764869426,3.912418432788069,6.057262515394408,warning
2026-01-01T00:07:11Z,1767226031000,22.08606257000181,5.0,55.0,22.0,0.7934036128415543,1.6397938801176437,3.943042937480121,5.909377153742281,warning
2026-01-01T00:07:12Z,1767226032000,22.0896533233864,5.0,54.785201890845016,22.0,0.7931149943998551,1.6417212514000363,3.9499999999999997,5.587379681412737,warning
2026-01-01T00:07:13Z,1767226033000,22.093216741113956,5.0,54.55804660517811,22.0,0.792827734129088,1.6332011421015287,3.9177802836267523,5.618974074527096,warning
2026-01-01T00:07:14Z,1767226034000,22.096752471589546,5.0,54.80909414610974,22.0,0.7925426607108835,1.6241861990294038,3.8837069907767168,6.047522945261971,warning
2026-01-01T00:07:15Z,1767226035000,22.100279787453694,5.0,55.0,22.0,0.7922598022728363,1.6342988152761808,3.9213641219164614,5.988923286379404,warning
2026-01-01T00:07:16Z,1767226036000,22.103796326963185,5.0,55.0,22.0,0.7919776170037045,1.642005595749074,3.9499999999999997,5.920475463486303,warning
2026-01-01T00:07:17Z,1767226037000,22.107294510136438,5.0,54.77053556407321,22.0,0.7916962938429453,1.6420759265392637,3.9499999999999997,5.609745243371488,warning
2026-01-01T00:07:18Z,1767226038000,22.110765254216087,5.0,54.720342433150755,22.0,0.791416439189085,1.632967312765657,3.915580334610981,5.726979943657953,warning
2026-01-01T00:07:19Z,1767226039000,22.114215873286405,5.0,54.685992981494614,22.0,0.7911387796627131,1.631029002410352,3.908051364972613,5.3349621,warning
2026-01-01T00:07:20Z,1767226040000,22.11764710614711,5.0,54.978966555643716,22.0,0.7908627301370876,1.6297240367255128,3.902898947224192,6.026501429321629,warning
2026-01-01T00:07:21Z,1767226041000,22.12107214691525,5.0,54.741953528763645,22.0,0.7905882315082312,1.641511604348691,3.946844983346557,5.517671802234991,warning
2026-01-01T00:07:22Z,1767226042000,22.124469828449502,5.0,54.97540070246026,22.0,0.7903142282467801,1.6320995840888508,3.9112930293145465,5.939452013430429,warning
2026-01-01T00:07:23Z,1767226043000,22.127859111973095,5.0,54.77228444761348,22.0,0.7900424137240398,1.6415054246674006,3.9463101053690393,5.423398917912044,warning
2026-01-01T00:07:24Z,1767226044000,22.1312225787865,5.0,55.0,22.0,0.7897712710421525,1.6334485601440012,3.9158426671420217,5.91005987822032,warning
2026-01-01T00:07:25Z,1767226045000,22.134577596925233,5.0,54.88672427003668,22.0,0.7895021936970801,1.64262445157573,3.9499999999999997,5.320807789006843,warning
2026-01-01T00:07:26Z,1767226046000,22.137910570840084,5.0,55.0,22.0,0.7892337922459814,1.6381605227399718,3.933008640505502,5.005047400000001,warning
2026-01-01T00:07:27Z,1767226047000,22.1412306776603,5.0,55.0,22.0,0.7889671543327933,1.6427582114168018,3.9499999999999997,5.405105887893216,warning
2026-01-01T00:07:28Z,1767226048000,22.144533453522914,5.0,54.97704658288928,22.0,0.7887015457871761,1.642824613553206,3.9499999999999997,4.9406738,warning
2026-01-01T00:07:29Z,1767226049000,22.14781807075884,5.0,54.78741224735322,22.0,0.7884373237181669,1.6419725323860295,3.9465569874333917,5.115852752375465,warning
2026-01-01T00:07:30Z,1767226050000,22.151077956919373,5.0,55.0,22.0,0.7881745543392927,1.6344528513093053,3.9181118371029826,5.516188041054591,warning
2026-01-01T00:07:31Z,1767226051000,22.154329329984254,5.0,54.810203077759404,22.0,0.7879137634464503,1.6430215591383874,3.9499999999999997,5.115852752375465,warning
2026-01-01T00:07:32Z,1767226052000,22.157556139004846,5.0,55.0,22.0,0.7876536536012597,1.6354947097100612,3.9215304616639104,5.516188041054591,warning
2026-01-01T00:07:33Z,1767226053000,22.16077369595924,5.0,55.0,22.0,0.7873955088796123,1.643151122780097,3.9499999999999997,5.329677849088484,warning
2026-01-01T00:07:34Z,1767226054000,22.16397445726633,5.0,55.0,22.0,0.7871381043232609,1.6432154739191849,3.9499999999999997,5.617663319963207,warning
2026-01-01T00:07:35Z,1767226055000,22.1671585105994,5.0,55.0,22.0,0.7868820434186936,1.6432794891453266,3.9499999999999997,5.367362997194358,warning
2026-01-01T00:07:36Z,1767226056000,22.17032594317407,5.0,55.0,22.0,0.7866273191520481,1.643343170211988,3.9499999999999997,5.367362997194358,warning
2026-01-01T00:07:37Z,1767226057000,22.173476841750702,5.0,55.0,22.0,0.7863739245460744,1.6434065188634814,3.9499999999999997,5.367362997194358,warning
2026-01-01T00:07:38Z,1767226058000,22.176611292636764,5.0,55.0,22.0,0.7861218526599438,1.643469536835014,3.9499999999999997,5.657026277476108,warning
2026-01-01T00:07:39Z,1767226059000,22.1797293816892,5.0,54.73643634532856,22.0,0.785871096589059,1.6435322258527354,3.9499999999999997,5.117062674425504,warning
2026-01-01T00:07:40Z,1767226060000,22.182820651770594,5.0,55.0,22.0,0.7856216494648641,1.6330520414469265,3.9104654517992845,5.657026277476108,warning
2026-01-01T00:07:41Z,1767226061000,22.18590632796835,5.0,55.0,22.0,0.7853743478583525,1.6436564130354119,3.9499999999999997,5.696447351320443,warning
2026-01-01T00:07:42Z,1767226062000,22.188975896936356,5.0,54.735220558670285,22.0,0.785127493762532,1.643718126559367,3.9499999999999997,5.153185498310329,warning
2026-01-01T00:07:43Z,1767226063000,22.192018851576695,5.0,55.0,22.0,0.7848819282450916,1.6331883402855385,3.9102830838005427,5.696447351320443,warning
2026-01-01T00:07:44Z,1767226064000,22.195056513171465,5.0,54.735220558670285,22.0,0.7846384918738645,1.643840377031534,3.9499999999999997,5.153185498310329,warning
2026-01-01T00:07:45Z,1767226065000,22.198067726995056,5.0,55.0,22.0,0.7843954789462828,1.6333099526102408,3.9102830838005427,5.696447351320443,warning
2026-01-01T00:07:46Z,1767226066000,22.20107381346014,5.0,55.0,22.0,0.7841545818403955,1.6439613545399012,3.9499999999999997,5.442906894923517,warning
2026-01-01T00:07:47Z,1767226067000,22.20406420815388,5.0,55.0,22.0,0.7839140949231888,1.644021476269203,3.9499999999999997,5.735926915234691,warning
2026-01-01T00:07:48Z,1767226068000,22.207038992987318,5.0,54.73775922627867,22.0,0.7836748633476895,1.6440812841630776,3.9499999999999997,5.189366438526598,warning
2026-01-01T00:07:49Z,1767226069000,22.209987759812975,5.0,54.47483732376281,22.0,0.7834368805610146,1.6336511489108931,3.9106638839418,5.153185498310329,warning
2026-01-01T00:07:50Z,1767226070000,22.2129106171997,5.0,54.54489860097115,22.0,0.783200979214962,1.623193248146772,3.871225598564422,4.9165337,warning
2026-01-01T00:07:51Z,1767226071000,22.215821019721957,5.0,54.752626199461126,22.0,0.782967150624024,1.62605415638284,3.8817347901456727,4.7877865,warning
2026-01-01T00:07:52Z,1767226072000,22.21872453904699,5.0,54.69213333048834,22.0,0.7827343184222435,1.6344214683728842,3.9128939299191687,4.7314596,warning
2026-01-01T00:07:53Z,1767226073000,22.221610482286383,5.0,54.9896430120729,22.0,0.782502036876241,1.6320598240004733,3.9038199995732508,4.570525600000001,warning
2026-01-01T00:07:54Z,1767226074000,22.224493261289332,5.0,55.0,22.0,0.7822711614170894,1.6440179301286435,3.9484464518109346,4.482011900000001,warning
2026-01-01T00:07:55Z,1767226075000,22.227361406465402,5.0,55.0,22.0,0.7820405390968534,1.6444898652257867,3.9499999999999997,4.3532647,warning
2026-01-01T00:07:56Z,1767226076000,22.230214579923654,5.0,55.0,22.0,0.7818110874827678,1.644547228129308,3.9499999999999997,4.1440505000000005,warning
2026-01-01T00:07:57Z,1767226077000,22.233052859816453,5.0,55.0,22.0,0.7815828336061077,1.644604291598473,3.9499999999999997,3.9589764000000005,warning
2026-01-01T00:07:58Z,1767226078000,22.23587632388821,5.0,54.79295459333923,22.0,0.7813557712146838,1.6446610571963292,3.9499999999999997,3.9723682565108063,warning
2026-01-01T00:07:59Z,1767226079000,22.238676767661246,5.0,54.81095687645119,22.0,0.7811298940889433,1.6364357102113336,3.918943189000885,3.8302292000000002,warning
2026-01-01T00:08:00Z,1767226080000,22.241463313209113,5.0,55.0,22.0,0.7809058585871004,1.6372118104112725,3.9216435314676787,3.6129683000000004,warning
2026-01-01T00:08:01Z,1767226081000,22.24424287471416,5.0,55.0,22.0,0.780682934943271,1.6448292662641824,3.9499999999999997,3.3393805000000003,warning
2026-01-01T00:08:02Z,1767226082000,22.247007926908154,5.0,55.0,22.0,0.7804605700228672,1.6448848574942834,3.9499999999999997,2.9933723999999997,warning
2026-01-01T00:08:03Z,1767226083000,22.249758545529694,5.0,55.0,22.0,0.7802393658473478,1.644940158538163,3.9499999999999997,2.7841582000000002,warning
2026-01-01T00:08:04Z,1767226084000,22.25249480592203,5.0,54.99521158204168,22.0,0.7800193163576246,1.6449951709105939,3.9499999999999997,2.6554110000000004,warning
2026-01-01T00:08:05Z,1767226085000,22.2552165914984,5.0,55.0,22.0,0.7798004155262377,1.6448583594001076,3.949281737306251,2.3496364,warning
2026-01-01T00:08:06Z,1767226086000,22.25792436089078,5.0,55.0,22.0,0.779582672680128,1.645104331829968,3.9499999999999997,1.7944141000000005,warning
2026-01-01T00:08:07Z,1767226087000,22.26061799572693,5.0,55.0,22.0,0.7793660511287377,1.6451584872178158,3.9499999999999997,1.4242659,warning
2026-01-01T00:08:08Z,1767226088000,22.263297569789234,5.0,54.768741429565566,22.0,0.7791505603418458,1.6452123599145385,3.9499999999999997,1.3920791000000001,warning
2026-01-01T00:08:09Z,1767226089000,22.26595390613212,5.0,54.73301256205927,22.0,0.7789361944168613,1.6360156085784074,3.9153112144348348,1.126538,warning
2026-01-01T00:08:10Z,1767226090000,22.26859494724459,5.0,54.66693269937222,22.0,0.7787236875094306,1.6346395806050134,3.909951884308891,0.80467,warning
2026-01-01T00:08:11Z,1767226091000,22.27121955892795,5.0,54.52234264519485,22.0,0.7785124042204328,1.6320492069197807,3.9000399049058325,0.48280200000000006,warning
2026-01-01T00:08:12Z,1767226092000,22.27382468653615,5.0,54.29979851338356,22.0,0.778302435285764,1.6263180969863529,3.878351396779227,0.16093400000000002,warning
2026-01-01T00:08:13Z,1767226093000,22.276407313612967,5.0,54.03934160724709,22.0,0.7780940250771079,1.6174684342660655,3.8449697770075333,0.0,warning
2026-01-01T00:08:14Z,1767226094000,22.278966041100198,5.0,53.780729604195756,22.0,0.7778874149109627,1.6071018105621429,3.805901241087063,0.0,warning
2026-01-01T00:08:15Z,1767226095000,22.281501067549822,5.0,53.523949436166035,22.0,0.7776827167119842,1.5968085049898342,3.7671094406293633,0.0,warning
2026-01-01T00:08:16Z,1767226096000,22.28401258995466,5.0,53.26898812765986,22.0,0.7774799145960143,1.586587998797638,3.728592415424905,0.0,warning
2026-01-01T00:08:17Z,1767226097000,22.2865008037602,5.0,53.01583279508893,22.0,0.7772789928036272,1.5764397769054876,3.6903482191489787,0.0,warning
2026-01-01T00:08:18Z,1767226098000,22.288965902876377,5.0,52.76447064612372,22.0,0.7770799356991839,1.5663633278787614,3.6523749192633397,0.0,warning
2026-01-01T00:08:19Z,1767226099000,22.29140807968921,5.0,52.51488897904701,22.0,0.7768827277698899,1.5563581439024763,3.614670596918558,0.0,warning
2026-01-01T00:08:20Z,1767226100000,22.29382752507239,5.0,52.267075182112094,22.0,0.7766873536248633,1.5464237207556646,3.577233346857051,0.0,warning
2026-01-01T00:08:21Z,1767226101000,22.296224428398798,5.0,52.02179864573224,22.0,0.7764937979942087,1.5365595577859317,3.540061277316814,0.01703169539212751,warning
2026-01-01T00:08:22Z,1767226102000,22.298599008828386,5.0,51.94325472576152,22.0,0.7763020457280962,1.5267964343972655,3.503269796859836,0.5529873845238584,warning
2026-01-01T00:08:23Z,1767226103000,22.300958052191334,5.0,52.20853437114258,22.0,0.7761120792937292,1.5237021692070285,3.491488208864228,1.4235699396262462,warning
2026-01-01T00:08:24Z,1767226104000,22.30331539253374,5.0,52.72459968997876,22.0,0.7759233558246934,1.53436053588953,3.5312801556713875,2.1693361247581193,warning
2026-01-01T00:08:25Z,1767226105000,22.305681070172312,5.0,53.441453589264796,22.0,0.7757347685973008,1.555050295449825,3.608689953496814,2.8330973765080625,warning
2026-01-01T00:08:26Z,1767226106000,22.308063073129585,5.0,54.16637037302474,22.0,0.7755455143862151,1.583771764974038,3.7162180383897194,3.1948741960206837,warning
2026-01-01T00:08:27Z,1767226107000,22.31046163870277,5.0,54.59333905306436,22.0,0.7753549541496333,1.6128160763835813,3.824955555953711,3.0527124642182595,warning
2026-01-01T00:08:28Z,1767226108000,22.312864762510863,5.0,54.53062463072566,22.0,0.7751630689037785,1.6299427948966299,3.8890008579596542,2.508955475144603,warning
2026-01-01T00:08:29Z,1767226109000,22.315252833435785,5.0,54.45373671935531,22.0,0.774970818999131,1.6274822804792437,3.879593694608849,2.1565156,warning
2026-01-01T00:08:30Z,1767226110000,22.317625363114026,5.0,54.43702201486468,22.0,0.7747797733251373,1.6244545254429283,3.8680605079032966,1.9955816,warning
2026-01-01T00:08:31Z,1767226111000,22.319984839599165,5.0,54.44096005306546,22.0,0.774589970950878,1.6238333878568678,3.865553302229702,1.8024608,warning
2026-01-01T00:08:32Z,1767226112000,22.32233215713858,5.0,54.62686571822816,22.0,0.7744012128320669,1.6240380989146017,3.866144007959819,1.3759857,warning
2026-01-01T00:08:33Z,1767226113000,22.324674657907046,5.0,54.68760677204875,22.0,0.7742134274289137,1.6315212718718979,3.894029857734224,0.9092771000000002,warning
2026-01-01T00:08:34Z,1767226114000,22.327007360463654,5.0,54.574264133754035,22.0,0.7740260273674363,1.6339977640400911,3.903141015807313,0.5552223000000001,warning
2026-01-01T00:08:35Z,1767226115000,22.329323352607382,5.0,54.366840295578896,22.0,0.7738394111629078,1.6295107125594344,3.8861396200631053,0.6694751393267456,warning
2026-01-01T00:08:36Z,1767226116000,22.331618958318593,5.0,54.468857931847396,22.0,0.7736541317914095,1.6212600788753035,3.8550260443368343,1.328723006034616,warning
2026-01-01T00:08:37Z,1767226117000,22.333906661673446,5.0,54.803138252850964,22.0,0.7734704833345126,1.6253866964402677,3.8703286897771094,1.9543134776249813,warning
2026-01-01T00:08:38Z,1767226118000,22.336195794429624,5.0,55.0,22.0,0.7732874670661244,1.6388036633475076,3.9204707379276447,2.5687549075326728,warning
2026-01-01T00:08:39Z,1767226119000,22.338480852382702,5.0,55.0,22.0,0.7731043364456301,1.6467239158885925,3.9499999999999997,3.0792718935866814,warning
2026-01-01T00:08:40Z,1767226120000,22.340753982333265,5.0,55.0,22.0,0.7729215318093839,1.646769617047654,3.9499999999999997,3.0680411367680556,warning
2026-01-01T00:08:41Z,1767226121000,22.343015246545484,5.0,55.0,22.0,0.7727396814133388,1.6468150796466654,3.9499999999999997,2.7958352821771166,warning
2026-01-01T00:08:42Z,1767226122000,22.345264706958517,5.0,54.766879208181834,22.0,0.7725587802763614,1.6468603049309096,3.9499999999999997,2.280526054365265,warning
2026-01-01T00:08:43Z,1767226123000,22.34749310035652,5.0,54.83166336367742,22.0,0.7723788234433187,1.6375804624664438,3.915031881227275,2.0599552000000005,warning
2026-01-01T00:08:44Z,1767226124000,22.349712452907205,5.0,54.985184700612486,22.0,0.7722005519714785,1.6402163965542274,3.924749504551613,1.7461339000000002,warning
2026-01-01T00:08:45Z,1767226125000,22.351926361291053,5.0,55.0,22.0,0.7720230037674236,1.6464016370826435,3.9477777050918728,1.3920791000000001,warning
2026-01-01T00:08:46Z,1767226126000,22.354129305685113,5.0,55.0,22.0,0.7718458910967159,1.647038527225821,3.9499999999999997,0.9736506999999999,warning
2026-01-01T00:08:47Z,1767226127000,22.356320750709436,5.0,54.904880200387076,22.0,0.771669655545191,1.6470825861137024,3.9499999999999997,0.6035025,warning
2026-01-01T00:08:48Z,1767226128000,22.35849695159875,5.0,54.68880764995752,22.0,0.7714943399432451,1.6433216230296717,3.935732030058061,0.4667085999999999,warning
2026-01-01T00:08:49Z,1767226129000,22.360653149817402,5.0,54.465874173601,22.0,0.7713202438721002,1.6347222450302756,3.9033211474936276,0.1931208,warning
2026-01-01T00:08:50Z,1767226130000,22.3627891753423,5.0,54.211348941351254,22.0,0.7711477480146078,1.6258480299403881,3.86988112604015,0.0965604,warning
2026-01-01T00:08:51Z,1767226131000,22.364903869804667,5.0,53.966968181911,22.0,0.770976865972616,1.615709741160896,3.831702341202688,0.1714268546731814,warning
2026-01-01T00:08:52Z,1767226132000,22.366997750331564,5.0,53.99536109948833,22.0,0.7708076904156267,1.6059768046725333,3.79504522728665,0.8829196306390396,warning
2026-01-01T00:08:53Z,1767226133000,22.369081836518813,5.0,54.2724020744889,22.0,0.770640179973475,1.6071543989861645,3.799304164923249,1.5919203393463397,warning
2026-01-01T00:08:54Z,1767226134000,22.371166125415165,5.0,54.762093189584945,22.0,0.770473453078495,1.6182777197099325,3.8408603111733353,2.2517903557484056,warning
2026-01-01T00:08:55Z,1767226135000,22.373259121968083,5.0,55.0,22.0,0.7703067099667869,1.6379070500917012,3.914313978437742,2.8905746966412647,warning
2026-01-01T00:08:56Z,1767226136000,22.37535070935141,5.0,55.0,22.0,0.7701392702425535,1.6474651824393618,3.9499999999999997,3.2715065056434165,warning
2026-01-01T00:08:57Z,1767226137000,22.377431378648595,5.0,55.0,22.0,0.7699719432518873,1.6475070141870283,3.9499999999999997,2.8283332104740175,warning
2026-01-01T00:08:58Z,1767226138000,22.37950118685205,5.0,54.88548068031132,22.0,0.7698054897081125,1.6475486275729718,3.9499999999999997,2.434152816373584,warning
2026-01-01T00:08:59Z,1767226139000,22.381555609883893,5.0,54.7412676729545,22.0,0.7696399050518361,1.6430092509494938,3.9328221020466976,2.1806557000000004,warning
2026-01-01T00:09:00Z,1767226140000,22.383593540307217,5.0,54.80287666756095,22.0,0.7694755512092886,1.6372818191158578,3.911190150943175,1.9633948000000003,warning
2026-01-01T00:09:01Z,1767226141000,22.385623297093517,5.0,54.957638499885725,22.0,0.7693125167754227,1.6397869375085825,3.9204315001341428,1.6254334,warning
2026-01-01T00:09:02Z,1767226142000,22.387648649022683,5.0,55.0,22.0,0.7691501362325187,1.6460180059372993,3.943645774982859,1.2230984,warning
2026-01-01T00:09:03Z,1767226143000,22.389665123074785,5.0,55.0,22.0,0.7689881080781854,1.6477529729804536,3.9499999999999997,0.7483430999999999,warning
2026-01-01T00:09:04Z,1767226144000,22.391671071132336,5.0,54.8407103664248,22.0,0.7688267901540172,1.6477933024614957,3.9499999999999997,0.402335,warning
2026-01-01T00:09:05Z,1767226145000,22.39366017655568,5.0,54.606483100470086,22.0,0.7686663143094131,1.641461836079639,3.92610655496372,0.23335429999999996,warning
2026-01-01T00:09:06Z,1767226146000,22.39562952975808,5.0,54.34977721446391,22.0,0.7685071858755456,1.632132527549917,3.890972465070513,0.1931208,warning
2026-01-01T00:09:07Z,1767226147000,22.39757833470132,5.0,54.533379033898825,22.0,0.7683496376193537,1.6219036791737182,3.852466582169587,1.2092180896448421,warning
2026-01-01T00:09:08Z,1767226148000,22.399524310955535,5.0,54.88420544395355,22.0,0.7681937332238946,1.6292867280499794,3.8800068550848237,1.8218299138538068,warning
2026-01-01T00:09:09Z,1767226149000,22.401474162270105,5.0,55.0,22.0,0.7680380551235573,1.6433587039772526,3.932630816593032,2.2602622148241034,warning
2026-01-01T00:09:10Z,1767226150000,22.403418467143055,5.0,55.0,22.0,0.7678820670183917,1.648029483245402,3.9499999999999997,2.8452599333001967,warning
2026-01-01T00:09:11Z,1767226151000,22.40535262274457,5.0,55.0,22.0,0.7677265226285557,1.648068369342861,3.9499999999999997,3.2567417781080064,warning
2026-01-01T00:09:12Z,1767226152000,22.407276682053844,5.0,55.0,22.0,0.7675717901804345,1.6481070524548915,3.9499999999999997,3.6745767262455455,warning
2026-01-01T00:09:13Z,1767226153000,22.40919069777352,5.0,54.742552505709234,22.0,0.7674178654356926,1.6481455336410769,3.9499999999999997,2.4427828878124873,warning
2026-01-01T00:09:14Z,1767226154000,22.411084424431372,5.0,54.966650163573796,22.0,0.7672647441781183,1.6378859141838398,3.911382875856385,2.0921420000000004,warning
2026-01-01T00:09:15Z,1767226155000,22.412977229742385,5.0,55.0,22.0,0.7671132460454902,1.6468876950315794,3.944997524536069,1.7139471000000002,warning
2026-01-01T00:09:16Z,1767226156000,22.41486148860313,5.0,55.0,22.0,0.7669618216206092,1.6482595445948478,3.9499999999999997,1.3035654,warning
2026-01-01T00:09:17Z,1767226157000,22.41673591163262,5.0,55.0,22.0,0.7668110809117497,1.6482972297720626,3.9499999999999997,0.9173238,warning
2026-01-01T00:09:18Z,1767226158000,22.4186005501739,5.0,54.89096028255834,22.0,0.7666611270693904,1.6483347182326524,3.9499999999999997,0.5310822000000001,warning
2026-01-01T00:09:19Z,1767226159000,22.420451093713293,5.0,54.67765184772671,22.0,0.7665119559860881,1.6440104223058116,3.933644042383751,0.2092142,warning
2026-01-01T00:09:20Z,1767226160000,22.42228344507802,5.0,54.414518480471976,22.0,0.7663639125029366,1.6355150957833342,3.901647777159006,0.0,warning
2026-01-01T00:09:21Z,1767226161000,22.42409570623393,5.0,54.15324897456863,22.0,0.7662173243937586,1.6250264081204393,3.862177772070796,0.0,warning
2026-01-01T00:09:22Z,1767226162000,22.42588805660637,5.0,53.89383012766544,22.0,0.7660723435012855,1.614611873107424,3.822987346185295,0.0,warning
2026-01-01T00:09:23Z,1767226163000,22.427660674155995,5.0,53.636248830927805,22.0,0.7659289554714903,1.604270966238745,3.7840745191498155,0.0,warning
2026-01-01T00:09:24Z,1767226164000,22.42941373539014,5.0,53.380492068375396,22.0,0.7657871460675205,1.5940031667202321,3.7454373246391706,0.0,warning
2026-01-01T00:09:25Z,1767226165000,22.431147415374138,5.0,53.126546916224406,22.0,0.765646901168789,1.5838079574428188,3.7070738102563094,0.0,warning
2026-01-01T00:09:26Z,1767226166000,22.432861887742533,5.0,52.87440054223448,22.0,0.765508206770069,1.573684824956459,3.668982037433661,0.0,warning
2026-01-01T00:09:27Z,1767226167000,22.434557324710205,5.0,52.624040205060325,22.0,0.7653710489805974,1.56363325944423,3.6311600813351723,0.0,warning
2026-01-01T00:09:28Z,1767226168000,22.43623389708342,5.0,52.376879270453635,22.0,0.7652354140231836,1.5536527546966172,3.5936060307590485,0.025851320214982182,warning
2026-01-01T00:09:29Z,1767226169000,22.43789183131146,5.0,52.473889800866885,22.0,0.7651012882333266,1.543799848759814,3.556531890568045,0.927604910294759,warning
2026-01-01T00:09:30Z,1767226170000,22.43954499154405,5.0,52.93135892151118,22.0,0.7649686534950831,1.5477134286609047,3.571083470130033,1.8679219080805274,warning
2026-01-01T00:09:31Z,1767226171000,22.44120782104505,5.0,53.78204085330331,22.0,0.7648364006764761,1.5660452566913283,3.6397038382266773,2.8667012689833933,warning
2026-01-01T00:09:32Z,1767226172000,22.442895997853327,5.0,54.512843872506046,22.0,0.764703374316396,1.6001057905530334,3.767306127995496,3.100225570296361,warning
2026-01-01T00:09:33Z,1767226173000,22.444604594499435,5.0,55.0,22.0,0.7645683201717339,1.6293716748573084,3.876926580875907,3.622548901443877,warning
2026-01-01T00:09:34Z,1767226174000,22.446323758516147,5.0,55.0,22.0,0.7644316324400453,1.6488920918899888,3.9499999999999997,5.310353070891755,warning
2026-01-01T00:09:35Z,1767226175000,22.448033948496693,5.0,55.0,22.0,0.7642940993187083,1.648926475170323,3.9499999999999997,4.15605417674567,warning
2026-01-01T00:09:36Z,1767226176000,22.44973521128554,5.0,55.0,22.0,0.7641572841202646,1.6489606789699338,3.9499999999999997,4.556528108670369,warning
2026-01-01T00:09:37Z,1767226177000,22.451427593482627,5.0,55.0,22.0,0.7640211830971569,1.6489947042257107,3.9499999999999997,5.971216662703344,warning
2026-01-01T00:09:38Z,1767226178000,22.453111141444648,5.0,55.0,22.0,0.7638857925213899,1.6490285518696526,3.9499999999999997,6.7450514023960535,warning
2026-01-01T00:09:39Z,1767226179000,22.454785901286307,5.0,55.0,22.0,0.7637511086844282,1.649062222828893,3.9499999999999997,5.3115994325527325,warning
2026-01-01T00:09:40Z,1767226180000,22.456451918881594,5.0,54.78585895195378,22.0,0.7636171278970955,1.6490957180257262,3.9499999999999997,4.179690260690623,warning
2026-01-01T00:09:41Z,1767226181000,22.45810067422311,5.0,54.67182036071807,22.0,0.7634838464894725,1.640563396455783,3.9178788427930664,4.0716302,warning
2026-01-01T00:09:42Z,1767226182000,22.459736261518096,5.0,54.58114770754523,22.0,0.7633519460621512,1.636034827913185,3.900773054107711,4.0153033,warning
2026-01-01T00:09:43Z,1767226183000,22.46135968414127,5.0,54.81418775229374,22.0,0.7632210990785524,1.632440633532171,3.887172156131784,3.8463226,warning
2026-01-01T00:09:44Z,1767226184000,22.462983954100146,5.0,55.0,22.0,0.7630912252686983,1.641794703774575,3.922128162844061,3.588828200000001,warning
2026-01-01T00:09:45Z,1767226185000,22.464607177859744,5.0,55.0,22.0,0.7629612836719883,1.6492596790820029,3.9499999999999997,3.3152404000000004,warning
2026-01-01T00:09:46Z,1767226186000,22.466221928391317,5.0,55.0,22.0,0.7628314257712205,1.649292143557195,3.9499999999999997,3.0416526,warning
2026-01-01T00:09:47Z,1767226187000,22.467828249925113,5.0,55.0,22.0,0.7627022457286947,1.6493244385678265,3.9499999999999997,2.6875978000000003,warning
2026-01-01T00:09:48Z,1767226188000,22.469426186460502,5.0,55.0,22.0,0.7625737400059911,1.6493565649985023,3.9499999999999997,2.253076,warning
2026-01-01T00:09:49Z,1767226189000,22.47101578176718,5.0,55.0,22.0,0.7624459050831598,1.64938852372921,3.9499999999999997,1.9070679000000001,warning
2026-01-01T00:09:50Z,1767226190000,22.472597079386354,5.0,55.0,22.0,0.7623187374586258,1.6494203156353437,3.9499999999999997,1.5127796,warning
2026-01-01T00:09:51Z,1767226191000,22.474170122631957,5.0,55.0,22.0,0.7621922336490917,1.6494519415877271,3.9499999999999997,1.0380243,warning
2026-01-01T00:09:52Z,1767226192000,22.475734954591818,5.0,54.93963063354819,22.0,0.7620663901894434,1.6494834024526392,3.9499999999999997,0.4988954,warning
2026-01-01T00:09:53Z,1767226193000,22.47728920335419,5.0,54.718079624678616,22.0,0.7619412036326546,1.6470999244337639,3.9409445950322284,0.17702740000000003,warning
2026-01-01T00:09:54Z,1767226194000,22.478826476897666,5.0,54.45465989400381,22.0,0.7618168637316649,1.6382689690542285,3.907711943701792,0.0,warning
2026-01-01T00:09:55Z,1767226195000,22.48034518908402,5.0,54.19310605308795,22.0,0.7616938818481868,1.6277629252981058,3.8681989841005717,0.0,warning
2026-01-01T00:09:56Z,1767226196000,22.481845511439126,5.0,53.933404885211914,22.0,0.7615723848732785,1.6173311459051987,3.828965907963193,0.0,warning
2026-01-01T00:09:57Z,1767226197000,22.483327614064823,5.0,53.675543267274996,22.0,0.76145235908487,1.606973105637259,3.790010732781787,0.0,warning
2026-01-01T00:09:58Z,1767226198000,22.484791665650096,5.0,53.419508169131795,22.0,0.7613337908748142,1.5966882829722964,3.7513314900912493,0.0,warning
2026-01-01T00:09:59Z,1767226199000,22.486237833482168,5.0,53.16528665293378,22.0,0.7612166667479924,1.5864761600782735,3.712926225369769,0.0,warning
2026-01-01T00:10:00Z,1767226200000,22.487666283457507,5.0,52.9128658724755,22.0,0.7611009733214267,1.5763362227869946,3.674792997940067,0.0,warning
