time,time_ms,vehicle_speed_kph,battery_power_kw,battery_soc_pct,motor_output_kw,regen_power_kw
2026-01-01T00:00:00Z,1767225600000,0.0,0.0,78.0,0.0,0.0
2026-01-01T00:00:01Z,1767225601000,0.0,3.6439999999999997,77.99855396825397,0.0,0.0
2026-01-01T00:00:02Z,1767225602000,0.0,3.6385199999999998,77.99711011111111,0.0,0.0
2026-01-01T00:00:03Z,1767225603000,0.0,3.6330864886666663,77.99566841012354,0.0,0.0
2026-01-01T00:00:04Z,1767225604000,0.0,3.6276990716211444,77.99422884699989,0.0,0.0
2026-01-01T00:00:05Z,1767225605000,0.0,3.6223573578302246,77.99279140360392,0.0,0.0
2026-01-01T00:00:06Z,1767225606000,0.32186800000000004,3.65615674003458,77.9913405477547,0.03675003362921827,0.0
2026-01-01T00:00:07Z,1767225607000,1.1265379999999998,3.8372553427042537,77.9898178273806,0.21191909925070626,0.0
2026-01-01T00:00:08Z,1767225608000,1.7702740000000001,3.91449834941316,77.98826445501973,0.28942202771960596,0.0
2026-01-01T00:00:09Z,1767225609000,2.735878,4.220838703519067,77.98658951902627,0.5822349410483401,0.0
2026-01-01T00:00:10Z,1767225610000,9.65604,15.229356202787574,77.98054612370771,10.866614188922915,0.0
2026-01-01T00:00:11Z,1767225611000,22.369826,51.69076028452702,77.9600339172456,45.10252867533318,0.0
2026-01-01T00:00:12Z,1767225612000,32.99147,63.43790672559624,77.93486014473544,56.12666291493766,0.0
2026-01-01T00:00:13Z,1767225613000,41.360037999999996,63.661998203881474,77.90959744703548,56.33005313972003,0.0
2026-01-01T00:00:14Z,1767225614000,40.2335,-0.6325188304131237,77.90984844657136,0.0,4.319144910079992
2026-01-01T00:00:15Z,1767225615000,45.705256,48.54445819299174,77.89058477268526,42.132922430933995,0.0
2026-01-01T00:00:16Z,1767225616000,51.98168199999999,61.83742270746745,77.86604611288071,54.61504419004448,0.0
2026-01-01T00:00:17Z,1767225617000,55.683164000000005,42.827068560145186,77.84905124440445,36.75227536207337,0.0
2026-01-01T00:00:18Z,1767225618000,58.74091,39.041720803517755,77.83355849805385,33.16834687369444,0.0
2026-01-01T00:00:19Z,1767225619000,61.798655999999994,41.128559981933826,77.81723764091817,35.10323456565923,0.0
2026-01-01T00:00:20Z,1767225620000,64.212666,36.067838123781094,77.80292500674206,30.323666162043715,0.0
2026-01-01T00:00:21Z,1767225621000,67.914148,52.53091641004458,77.78207940499205,45.763982128556165,0.0
2026-01-01T00:00:22Z,1767225622000,70.489092,41.714896113912395,77.76552587478811,35.569687794334996,0.0
2026-01-01T00:00:23Z,1767225623000,71.132828,19.75557372069054,77.75768636140688,14.919187169770872,0.0
2026-01-01T00:00:24Z,1767225624000,69.845356,-4.691939141924923,77.75954824201875,0.0,8.569183501598777
2026-01-01T00:00:25Z,1767225625000,68.557884,-4.535257810566258,77.76134794749915,0.0,8.411226202030052
2026-01-01T00:00:26Z,1767225626000,64.85640199999999,-19.005702883349773,77.76888989308777,0.0,22.87665952658953
2026-01-01T00:00:27Z,1767225627000,63.086128,-6.761947118167983,77.77157320543625,0.0,10.642373058437057
2026-01-01T00:00:28Z,1767225628000,61.798655999999994,-3.7011455640215014,77.77304191399341,0.0,7.581950379294771
2026-01-01T00:00:29Z,1767225629000,61.798655999999994,10.4478413033666,77.76889594522223,6.168697434419148,0.0
2026-01-01T00:00:30Z,1767225630000,63.086128,23.924551150532647,77.75940207571804,18.82675384301493,0.0
2026-01-01T00:00:31Z,1767225631000,62.442392,0.19177783298105977,77.75932597340338,0.12369388651892516,3.8304645145395457
2026-01-01T00:00:32Z,1767225632000,62.442392,10.571530517188538,77.75513092161084,6.278628320138024,0.0
2026-01-01T00:00:33Z,1767225633000,58.74091,-16.83859840810102,77.76181290510611,0.0,20.719555154355213
2026-01-01T00:00:34Z,1767225634000,51.98168199999999,-29.60076620369777,77.77355924090124,0.0,33.48201134294016
2026-01-01T00:00:35Z,1767225635000,44.417784000000005,-28.125455934649644,77.78472013611339,0.0,32.01597015631867
2026-01-01T00:00:36Z,1767225636000,35.888282000000004,-25.273165258241146,77.79474916994603,0.0,29.17027068127745
2026-01-01T00:00:37Z,1767225637000,27.841582000000002,-17.446824607507597,77.80167251304425,0.0,21.348916269824006
2026-01-01T00:00:38Z,1767225638000,18.50741,-12.563267585925514,77.80665793668946,0.0,16.4621123144192
2026-01-01T00:00:39Z,1767225639000,9.334171999999999,-4.331577079433352,77.80837681648288,0.0,8.15948175584256
2026-01-01T00:00:40Z,1767225640000,1.9312079999999998,2.465691337139715,77.80739836753958,0.0,1.3623817087795198
2026-01-01T00:00:41Z,1767225641000,0.0,3.8228153503409446,77.80588137732119,0.0,0.0
2026-01-01T00:00:42Z,1767225642000,0.0,3.8164975113079134,77.80436689418178,0.0,0.0
2026-01-01T00:00:43Z,1767225643000,0.0,3.810212897136292,77.80285490493688,0.0,0.0
2026-01-01T00:00:44Z,1767225644000,0.0,3.803961294116723,77.80134539648684,0.0,0.0
2026-01-01T00:00:45Z,1767225645000,0.0,3.7977424901236,77.79983835581615,0.0,0.0
2026-01-01T00:00:46Z,1767225646000,0.0,3.791556274602407,77.7983337699929,0.0,0.0
2026-01-01T00:00:47Z,1767225647000,0.0,3.785402438557174,77.79683162616807,0.0,0.0
2026-01-01T00:00:48Z,1767225648000,0.0,3.77928077453803,77.795331911575,0.0,0.0
2026-01-01T00:00:49Z,1767225649000,1.2874720000000002,4.132103022566898,77.79369218815334,0.3373772291817554,0.0
2026-01-01T00:00:50Z,1767225650000,14.805927999999998,37.52155310386407,77.7788026829534,31.638228928643297,0.0
2026-01-01T00:00:51Z,1767225651000,23.979166,41.52238950796725,77.76232554425977,35.36375359236298,0.0
2026-01-01T00:00:52Z,1767225652000,29.289987999999997,31.5315940287063,77.74981300694678,25.949126444227776,0.0
2026-01-01T00:00:53Z,1767225653000,35.727348,44.33426209745635,77.732220045797,37.951854582149984,0.0
2026-01-01T00:00:54Z,1767225654000,43.774048,65.22770710036052,77.7063360350429,57.542675561149224,0.0
2026-01-01T00:00:55Z,1767225655000,50.533276,64.44664003682803,77.68076197153621,56.760431428863065,0.0
2026-01-01T00:00:56Z,1767225656000,54.395692,43.6397613424027,77.66344460592414,37.17245007904924,0.0
2026-01-01T00:00:57Z,1767225657000,59.867448,63.72261252357986,77.63815785492272,56.006820814506824,0.0
2026-01-01T00:00:58Z,1767225658000,65.66107199999999,73.45102360554746,77.60901062333322,65.0996659486628,0.0
2026-01-01T00:00:59Z,1767225659000,70.81096,71.9952596426523,77.58044107585599,63.680849950782296,0.0
2026-01-01T00:01:00Z,1767225660000,74.512442,58.38728963289148,77.55727151647785,50.850665288675295,0.0
2026-01-01T00:01:01Z,1767225661000,76.604584,40.08379627831327,77.54136524811344,33.62268966879873,0.0
2026-01-01T00:01:02Z,1767225662000,79.66233,54.446353246233635,77.5197595523808,47.09134677077533,0.0
2026-01-01T00:01:03Z,1767225663000,82.39820800000001,52.235222812355794,77.49903128936003,44.981759452216046,0.0
2026-01-01T00:01:04Z,1767225664000,85.29502,56.59279255857004,77.47657383199552,49.04396961938396,0.0
2026-01-01T00:01:05Z,1767225665000,87.548096,49.152141906572716,77.45706901377862,42.021680188386874,0.0
2026-01-01T00:01:06Z,1767225666000,89.479304,45.77707977570381,77.43890350593112,38.81842280044532,0.0
2026-01-01T00:01:07Z,1767225667000,90.766776,37.088429636231815,77.4241858751231,30.62273650262275,0.0
2026-01-01T00:01:08Z,1767225668000,90.283974,6.670355659512623,77.42153890859154,5.914670735751641,4.153783362094026
2026-01-01T00:01:09Z,1767225669000,90.444908,20.334221104135054,77.41346977323276,14.864409528551,0.0
2026-01-01T00:01:10Z,1767225670000,89.801172,2.844062302389892,77.41234117708102,3.5987132728039684,5.508760822456358
2026-01-01T00:01:11Z,1767225671000,88.674634,-5.006325060067738,77.41432781400961,0.0,9.519395381816302
2026-01-01T00:01:12Z,1767225672000,87.548096,-4.888487758079493,77.41626769010409,0.0,9.398459324334064
2026-01-01T00:01:13Z,1767225673000,87.226228,9.736500917050197,77.41240399926399,7.4308232637152996,2.675401761443805
2026-01-01T00:01:14Z,1767225674000,87.548096,21.66190360522676,77.40380800576985,16.132883807803616,0.0
2026-01-01T00:01:15Z,1767225675000,87.226228,9.733946383553057,77.39994532863352,7.4308232637152996,2.675401761443805
2026-01-01T00:01:16Z,1767225676000,86.09969,-4.746240358759594,77.40182875734732,0.0,9.242970107571184
2026-01-01T00:01:17Z,1767225677000,84.168482,-10.996215821408375,77.40619233505423,0.0,15.489687688949862
2026-01-01T00:01:18Z,1767225678000,83.68568,5.544238113838842,77.4039922405646,4.603848510705254,3.850209176985549
2026-01-01T00:01:19Z,1767225679000,83.524746,12.449713929870551,77.39905187789402,8.690947905069294,1.280934976189423
2026-01-01T00:01:20Z,1767225680000,83.363812,12.408087121276365,77.39412803379828,8.653725406230924,1.2784668933837646
2026-01-01T00:01:21Z,1767225681000,83.524746,18.100916468099996,77.38694513043792,12.807456888379056,0.0
2026-01-01T00:01:22Z,1767225682000,83.68568,18.150537732189164,77.37974253609976,12.852729710400789,0.0
2026-01-01T00:01:23Z,1767225683000,84.49035,27.25453851318344,77.36892724303897,21.4090797905357,0.0
2026-01-01T00:01:24Z,1767225684000,85.938756,36.8740023420604,77.35429470242704,30.4410744262583,0.0
2026-01-01T00:01:25Z,1767225685000,88.352766,52.06342629817413,77.33363461262617,44.69950940078603,0.0
2026-01-01T00:01:26Z,1767225686000,91.410512,63.81995441691145,77.3083092338893,55.71633087417539,0.0
2026-01-01T00:01:27Z,1767225687000,94.62919199999999,68.98750485827158,77.28093323989792,60.52829761514636,0.0
2026-01-01T00:01:28Z,1767225688000,97.526004,66.42691526355618,77.25457335288857,58.071129775381486,0.0
2026-01-01T00:01:29Z,1767225689000,100.261882,66.10973419502656,77.22833933138261,57.72567619828186,0.0
2026-01-01T00:01:30Z,1767225690000,103.31962800000001,74.07507060900845,77.19894446209332,65.16648245423265,0.0
2026-01-01T00:01:31Z,1767225691000,106.538308,79.7853242111868,77.16728361915237,70.48010164441753,0.0
2026-01-01T00:01:32Z,1767225692000,109.11325199999999,70.78859768586365,77.13919290578497,61.98240520962164,0.0
2026-01-01T00:01:33Z,1767225693000,111.688196,72.96095154102031,77.11024014723695,64.02586786722128,0.0
2026-01-01T00:01:34Z,1767225694000,113.29753600000001,56.51917291262791,77.08781190401766,48.57203371816582,0.0
2026-01-01T00:01:35Z,1767225695000,113.61940399999999,32.91659048996068,77.07474976493434,26.38703183423606,0.0
2026-01-01T00:01:36Z,1767225696000,113.780338,30.012566310725038,77.06284001639833,23.658662633860033,0.0
2026-01-01T00:01:37Z,1767225697000,113.136602,7.938045726615765,77.05968999825285,9.433848768552599,6.940248849797166
2026-01-01T00:01:38Z,1767225698000,109.756988,-30.517657179181892,77.07180017967316,0.0,35.34788194409466
2026-01-01T00:01:39Z,1767225699000,107.02111,-23.062334929461535,77.08095189988326,0.0,27.901676119116825
2026-01-01T00:01:40Z,1767225700000,104.446166,-20.790684156291583,77.08920217137386,0.0,25.628571855011756
2026-01-01T00:01:41Z,1767225701000,102.51495800000001,-14.029578458066105,77.09476946441276,0.0,18.866024967229443
2026-01-01T00:01:42Z,1767225702000,100.58375,-13.675603526325881,77.10019629120893,0.0,18.5106210432
2026-01-01T00:01:43Z,1767225703000,98.16974,-17.74935705408109,77.10723968686531,0.0,22.582957672704065
2026-01-01T00:01:44Z,1767225704000,95.43386199999999,-20.048547052812552,77.11519545950532,0.0,24.880742764866582
2026-01-01T00:01:45Z,1767225705000,92.858918,-17.954537767098568,77.12232027607956,0.0,22.785340462776247
2026-01-01T00:01:46Z,1767225706000,90.12304,-18.66672684197196,77.12972770736606,0.0,23.49614831083522
2026-01-01T00:01:47Z,1767225707000,87.70903,-15.348525005256274,77.13581839189196,0.0,20.176576937088054
2026-01-01T00:01:48Z,1767225708000,84.973152,-17.32681727885307,77.14269411303435,0.0,22.15351126450178
2026-01-01T00:01:49Z,1767225709000,82.39820800000001,-15.393186812569017,77.14880252049966,0.0,20.218534344785855
2026-01-01T00:01:50Z,1767225710000,79.66233,-15.944904336201244,77.15512986349022,0.0,20.76891681047042
2026-01-01T00:01:51Z,1767225711000,77.24832,-12.947507486110014,77.1602677632863,0.0,17.770196201471958
2026-01-01T00:01:52Z,1767225712000,74.512442,-14.60490360426947,77.16606335995465,0.0,19.426279764137067
2026-01-01T00:01:53Z,1767225713000,70.81096,-20.15692328132321,77.17406213903455,0.0,24.97699799429113
2026-01-01T00:01:54Z,1767225714000,66.143874,-24.59829468120629,77.18382336708264,0.0,29.417078961853456
2026-01-01T00:01:55Z,1767225715000,62.442392,-17.207666188916964,77.1906518060465,0.0,22.025170958602253
2026-01-01T00:01:56Z,1767225716000,60.672118000000005,-5.418903307835476,77.19280216450198,0.0,10.23513939548666
2026-01-01T00:01:57Z,1767225717000,58.901844000000004,-5.1246803547891036,77.19483576781738,0.0,9.936501375989774
2026-01-01T00:01:58Z,1767225718000,56.809701999999994,-6.518903542215045,77.19742263430238,0.0,11.326031995632698
2026-01-01T00:01:59Z,1767225719000,48.2802,-34.43860057440404,77.21108874564143,0.0,39.24251661158398
2026-01-01T00:02:00Z,1767225720000,39.267896,-28.912615209828925,77.22256200564533,0.0,33.72388345790465
2026-01-01T00:02:01Z,1767225721000,31.864932,-17.66924584705922,77.2295736111402,0.0,22.47929819486206
2026-01-01T00:02:02Z,1767225722000,24.94477,-11.640925162291136,77.23419302588714,0.0,16.449771900390406
2026-01-01T00:02:03Z,1767225723000,17.380872,-7.7203369901652685,77.23725665167689,0.0,12.527988322037759
2026-01-01T00:02:04Z,1767225724000,10.138842,-2.1913212703742735,77.23812622360958,0.0,6.9970147543296015
2026-01-01T00:02:05Z,1767225725000,5.149888000000001,2.34966080183049,77.23719381852949,0.0,2.4483381433139195
2026-01-01T00:02:06Z,1767225726000,3.379614,4.215502929786977,77.23552099990656,0.0,0.57012712813056
2026-01-01T00:02:07Z,1767225727000,1.9312079999999998,4.504844367609118,77.23373336325274,0.0,0.26655294302208005
2026-01-01T00:02:08Z,1767225728000,0.0,4.756951557211474,77.23184568406337,0.0,0.0
2026-01-01T00:02:09Z,1767225729000,0.0,4.742332799785201,77.22996380596823,0.0,0.0
2026-01-01T00:02:10Z,1767225730000,0.0,4.727819469285403,77.22808768713121,0.0,0.0
2026-01-01T00:02:11Z,1767225731000,0.0,4.713410803049003,77.22621728601888,0.0,0.0
2026-01-01T00:02:12Z,1767225732000,0.0,4.699106043949589,77.22435256139826,0.0,0.0
2026-01-01T00:02:13Z,1767225733000,0.0,4.68490444035707,77.22249347233463,0.0,0.0
2026-01-01T00:02:14Z,1767225734000,0.0,4.670805246097602,77.22063997818935,0.0,0.0
2026-01-01T00:02:15Z,1767225735000,0.0,4.656807720413835,77.21879203861776,0.0,0.0
2026-01-01T00:02:16Z,1767225736000,4.345218,8.019285852069977,77.21560978232726,3.173792240695879,0.0
2026-01-01T00:02:17Z,1767225737000,14.805927999999998,30.91560071541327,77.20334168680527,24.705996074283693,0.0
2026-01-01T00:02:18Z,1767225738000,25.910374,53.472423407857704,77.18212247116723,45.89661372197548,0.0
2026-01-01T00:02:19Z,1767225739000,36.532018,70.8877252990099,77.1539924214454,62.23225316769578,0.0
2026-01-01T00:02:20Z,1767225740000,46.992728,89.0672877099491,77.11864825965574,79.26955401758228,0.0
2026-01-01T00:02:21Z,1767225741000,55.039428,82.353547512539,77.0859682804841,72.91178889680185,0.0
2026-01-01T00:02:22Z,1767225742000,62.442392,86.7659188419336,77.05153736030873,77.06037430675711,0.0
2026-01-01T00:02:23Z,1767225743000,69.20162,88.98145374670827,77.01622725961559,79.1439253835734,0.0
2026-01-01T00:02:24Z,1767225744000,72.90310199999999,57.544574696456905,76.99339211092652,49.59419931717121,0.0
2026-01-01T00:02:25Z,1767225745000,75.317112,43.757061295101444,76.97602819771417,36.634869003159565,0.0
2026-01-01T00:02:26Z,1767225746000,77.24832,38.90155332236145,76.9605910733799,32.071615901822454,0.0
2026-01-01T00:02:27Z,1767225747000,79.66233,46.52550430807801,76.94212857167035,39.23904639798809,0.0
2026-01-01T00:02:28Z,1767225748000,80.94980199999999,32.507138365583785,76.92922891358877,26.062691224401604,0.0
2026-01-01T00:02:29Z,1767225749000,82.88101,42.11379993868337,76.91251708821628,35.09385422389138,0.0
2026-01-01T00:02:30Z,1767225750000,84.007548,31.762519268320844,76.89991291390345,25.364543888041258,0.0
2026-01-01T00:02:31Z,1767225751000,84.651284,25.400272373358835,76.88983344073942,19.384917739127616,0.0
2026-01-01T00:02:32Z,1767225752000,85.29502,25.64694906403966,76.87965607999972,19.617672262777447,0.0
2026-01-01T00:02:33Z,1767225753000,86.582492,35.226620090389645,76.86567726250354,28.623434027473056,0.0
2026-01-01T00:02:34Z,1767225754000,86.582492,17.06736219836484,76.8589044997264,11.554595237333663,0.0
2026-01-01T00:02:35Z,1767225755000,86.582492,17.06543336133395,76.8521325023608,11.554595237333663,0.0
2026-01-01T00:02:36Z,1767225756000,87.869964,35.866670930805576,76.83789969643587,29.229557612805934,0.0
2026-01-01T00:02:37Z,1767225757000,90.605842,58.6438106523281,76.81462834300241,50.63900399512307,0.0
2026-01-01T00:02:38Z,1767225758000,91.571446,32.96738781415475,76.80154604625076,26.50400128853301,0.0
2026-01-01T00:02:39Z,1767225759000,93.502654,48.593537342859975,76.78226289651153,41.19340954194574,0.0
2026-01-01T00:02:40Z,1767225760000,93.985456,26.726941895856612,76.77165696718778,20.639630513121617,0.0
2026-01-01T00:02:41Z,1767225761000,95.916664,50.149915115591384,76.75175620722128,42.6580390852468,0.0
2026-01-01T00:02:42Z,1767225762000,96.399466,27.72023698970569,76.74075611317774,21.574948505488695,0.0
2026-01-01T00:02:43Z,1767225763000,96.88226800000001,27.922298676193975,76.72967583592528,21.76568652064907,0.0
2026-01-01T00:02:44Z,1767225764000,97.36507,28.125685879659336,76.7185148494651,21.957663750848496,0.0
2026-01-01T00:02:45Z,1767225765000,96.07759800000001,-7.021931107220217,76.7213013300632,0.0,11.78756348030972
2026-01-01T00:02:46Z,1767225766000,93.824522,-15.381231756821752,76.72740499345876,0.0,20.144491860613197
2026-01-01T00:02:47Z,1767225767000,93.502654,11.401945618826616,76.722880411864,8.935525081212928,2.867912220293082
2026-01-01T00:02:48Z,1767225768000,93.019852,7.41335383431725,76.71993860478689,6.520538602107724,4.279655585187896
2026-01-01T00:02:49Z,1767225769000,92.215182,-0.4184931362751305,76.72010467349176,1.7936101762065346,7.071057238502307
2026-01-01T00:02:50Z,1767225770000,92.53705,23.684909366455763,76.71070589993364,17.812575312076152,0.0
2026-01-01T00:02:51Z,1767225771000,91.088644,-7.831755802278547,76.71381373953771,0.0,12.572413812541386
2026-01-01T00:02:52Z,1767225772000,91.73238,28.201316583495423,76.70262274089347,22.054308677792314,0.0
2026-01-01T00:02:53Z,1767225773000,91.088644,3.251212793345836,76.70133257708659,3.8443199790119507,5.5877394722405676
2026-01-01T00:02:54Z,1767225774000,90.92771,14.549509052498625,76.69555896238322,10.535213460408178,1.394466785254382
2026-01-01T00:02:55Z,1767225775000,90.444908,6.899920300066042,76.69282089877208,5.949272539649107,4.161187610511416
2026-01-01T00:02:56Z,1767225776000,90.766776,23.0204364316648,76.68368580494999,17.202441320040997,0.0
2026-01-01T00:02:57Z,1767225777000,91.088644,23.141943694344036,76.67450249396018,17.312204860822728,0.0
2026-01-01T00:02:58Z,1767225778000,90.766776,10.728063055668734,76.67024532608094,8.255577864986432,2.7839974048973537
2026-01-01T00:02:59Z,1767225779000,90.283974,6.859827964024552,76.66752317212696,5.914670735751641,4.153783362094026
2026-01-01T00:03:00Z,1767225780000,90.12304,12.597855642422328,76.6625240230625,10.321902506192176,1.382126371225582
2026-01-01T00:03:01Z,1767225781000,89.96210599999999,12.551041696680521,76.65754345096065,10.279625482961647,1.3796582884199313
2026-01-01T00:03:02Z,1767225782000,88.19183199999999,-11.886996468680127,76.6622605130514,0.0,14.8776031531213
2026-01-01T00:03:03Z,1767225783000,87.226228,-5.034356475980648,76.66425827355773,0.0,8.026205284331414
2026-01-01T00:03:04Z,1767225784000,87.869964,24.867053353843005,76.65439039524271,20.56823235312545,0.0
2026-01-01T00:03:05Z,1767225785000,84.007548,-27.925630388673113,76.66547199460331,0.0,30.920141390561284
2026-01-01T00:03:06Z,1767225786000,88.03089800000001,73.45284513387483,76.6363240401851,66.18393372322001,0.0
2026-01-01T00:03:07Z,1767225787000,89.64023800000001,39.73397908738351,76.6205565881663,34.49396203901952,0.0
2026-01-01T00:03:08Z,1767225788000,91.73238,48.14271670571714,76.6014523355053,42.39890509819542,0.0
2026-01-01T00:03:09Z,1767225789000,93.34172,41.86279184539416,76.58484011651903,36.49650161841085,0.0
2026-01-01T00:03:10Z,1767225790000,93.502654,19.895456926284897,76.57694509392924,15.847928894227023,0.0
2026-01-01T00:03:11Z,1767225791000,95.594796,50.712523676853,76.55682107659715,44.81668997017908,0.0
2026-01-01T00:03:12Z,1767225792000,96.399466,31.040802677852646,76.54450329775673,26.325986811851983,0.0
2026-01-01T00:03:13Z,1767225793000,98.16974,47.32467829059179,76.52572366351444,41.6335407384486,0.0
2026-01-01T00:03:14Z,1767225794000,98.813476,29.60324306226642,76.51397634483894,24.976098763804323,0.0
2026-01-01T00:03:15Z,1767225795000,99.618146,32.58515002577691,76.50104572974934,27.779794758215058,0.0
2026-01-01T00:03:16Z,1767225796000,100.58375,35.69688690820604,76.48688029843656,30.705527204407034,0.0
2026-01-01T00:03:17Z,1767225797000,100.58375,19.875102724226196,76.47899335291108,15.833746195340165,0.0
2026-01-01T00:03:18Z,1767225798000,100.905618,25.28249448902052,76.46896061700274,20.91738694435439,0.0
2026-01-01T00:03:19Z,1767225799000,100.100948,-1.0982404290568017,76.4693964266968,3.3353782710297044,7.675737525913621
2026-01-01T00:03:20Z,1767225800000,100.58375,27.77391687387874,76.45837503111193,23.269636699873598,0.0
2026-01-01T00:03:21Z,1767225801000,101.54935400000001,36.19965213282565,76.44401008978937,31.181570573893325,0.0
2026-01-01T00:03:22Z,1767225802000,100.905618,3.2179637711665023,76.44273312003891,5.998016236058707,6.189951676846122
2026-01-01T00:03:23Z,1767225803000,101.066552,22.683220541289497,76.43373184204634,18.4902645562475,0.0
2026-01-01T00:03:24Z,1767225804000,101.38842,25.47412004301687,76.42362306425149,21.108033699695493,0.0
2026-01-01T00:03:25Z,1767225805000,103.158694,50.574865814961214,76.40355367305509,44.696961968629125,0.0
2026-01-01T00:03:26Z,1767225806000,102.836826,12.15847277606823,76.39872888227093,11.551173849589773,3.1542098257611135
2026-01-01T00:03:27Z,1767225807000,103.158694,26.230060983325664,76.38832012791246,21.818214064280873,0.0
2026-01-01T00:03:28Z,1767225808000,103.48056199999999,26.373047816953164,76.377854632747,21.949234786043046,0.0
2026-01-01T00:03:29Z,1767225809000,103.80243,26.512361899656938,76.36733385421539,22.080843780429674,0.0
2026-01-01T00:03:30Z,1767225810000,104.446166,32.26976500070319,76.35452839191353,27.493453039448546,0.0
2026-01-01T00:03:31Z,1767225811000,105.089902,32.58725935225455,76.34159693978962,27.79254467914635,0.0
2026-01-01T00:03:32Z,1767225812000,106.21644,41.50303186056985,76.32512748270209,36.17401440912723,0.0
2026-01-01T00:03:33Z,1767225813000,106.21644,22.01082503515719,76.31639302832306,17.851980205957133,0.0
2026-01-01T00:03:34Z,1767225814000,106.86017600000001,33.47337339572341,76.30310994364221,28.62741253569679,0.0
2026-01-01T00:03:35Z,1767225815000,103.158694,-33.36893958197802,76.31635158633348,0.0,36.38694480531995
2026-01-01T00:03:36Z,1767225816000,102.354024,-0.7487797037413362,76.31664872113654,3.837445530749202,7.8485033223165726
2026-01-01T00:03:37Z,1767225817000,102.836826,28.77479486965304,76.30523015174383,24.2219312693142,0.0
2026-01-01T00:03:38Z,1767225818000,103.158694,26.22687078484984,76.29482266333714,21.818214064280873,0.0
2026-01-01T00:03:39Z,1767225819000,102.51495800000001,3.535830293071217,76.29341955607799,6.400610915092218,6.288674989076273
2026-01-01T00:03:40Z,1767225820000,103.48056199999999,37.20280402077486,76.27865653860943,32.1492936541279,0.0
2026-01-01T00:03:41Z,1767225821000,103.31962800000001,16.5843182395869,76.27207545994293,14.245504279188449,1.5845091612977733
2026-01-01T00:03:42Z,1767225822000,102.836826,7.874648114692368,76.26895059957995,9.017022365644443,4.731314738641983
2026-01-01T00:03:43Z,1767225823000,103.31962800000001,28.993036022353245,76.25744542655521,24.429699914197172,0.0
2026-01-01T00:03:44Z,1767225824000,102.032156,-9.506019053048318,76.26121765633816,0.0,12.518115990814804
2026-01-01T00:03:45Z,1767225825000,102.99776,36.95258182899822,76.24655393339015,31.905392902686106,0.0
2026-01-01T00:03:46Z,1767225826000,102.836826,16.41810480053009,76.24003881243756,14.085325333534499,1.577104912880619
2026-01-01T00:03:47Z,1767225827000,102.99776,23.451471543305004,76.23073267293624,19.214806441615846,0.0
2026-01-01T00:03:48Z,1767225828000,102.67589199999999,12.096496780723871,76.22593247580105,11.50203928747389,3.1492736601498432
2026-01-01T00:03:49Z,1767225829000,102.99776,26.145989034596745,76.21555708332698,21.75292373383006,0.0
2026-01-01T00:03:50Z,1767225830000,101.87122199999999,-7.9277657589350445,76.21870302212022,0.0,10.936074912322661
2026-01-01T00:03:51Z,1767225831000,102.032156,23.05837319878676,76.20955287402546,18.849925325061417,0.0
2026-01-01T00:03:52Z,1767225832000,102.836826,34.16689645013167,76.19599458178335,29.29023423720426,0.0
2026-01-01T00:03:53Z,1767225833000,102.99776,23.447742842076654,76.18668992192538,19.214806441615846,0.0
2026-01-01T00:03:54Z,1767225834000,103.48056199999999,29.068880581753245,76.17515465185326,24.49924950306411,0.0
2026-01-01T00:03:55Z,1767225835000,104.285232,34.908322566665106,76.16130214289824,29.98889556091381,0.0
2026-01-01T00:03:56Z,1767225836000,104.76803399999999,29.665233955819634,76.14953022466179,25.060959880261212,0.0
2026-01-01T00:03:57Z,1767225837000,102.99776,-14.3712653061569,76.1552331077198,0.0,17.375302952550296
2026-01-01T00:03:58Z,1767225838000,103.31962800000001,26.283919882905806,76.14480298078213,21.88365100544499,0.0
2026-01-01T00:03:59Z,1767225839000,101.54935400000001,-14.128117102170128,76.1504093764576,0.0,17.13096275478018
2026-01-01T00:04:00Z,1767225840000,102.51495800000001,36.6860943067713,76.13585140252634,31.6628095891598,0.0
2026-01-01T00:04:01Z,1767225841000,101.54935400000001,-5.116463133562599,76.13788174503965,1.1524703603859048,9.344161502607362
2026-01-01T00:04:02Z,1767225842000,102.51495800000001,36.67956207004621,76.12332636326583,31.6628095891598,0.0
2026-01-01T00:04:03Z,1767225843000,102.19309,11.946363891282177,76.11858574267404,11.355510233521498,3.134465163315283
2026-01-01T00:04:04Z,1767225844000,101.38842,-0.9292311765699104,76.11895448520444,3.6188192330331277,7.774460838144021
2026-01-01T00:04:05Z,1767225845000,101.54935400000001,22.846270163617053,76.10988850498077,18.669445484932066,0.0
2026-01-01T00:04:06Z,1767225846000,101.38842,15.918196763616272,76.10357176023331,13.612656071125794,1.5548921676289031
2026-01-01T00:04:07Z,1767225847000,101.87122199999999,28.32080595825677,76.09233334517052,23.810333942315278,0.0
2026-01-01T00:04:08Z,1767225848000,102.032156,23.050747245582752,76.08318622324767,18.849925325061417,0.0
2026-01-01T00:04:09Z,1767225849000,101.87122199999999,16.082548480966544,76.07680425956474,13.7689074049934,1.5622964160461834
2026-01-01T00:04:10Z,1767225850000,100.58375,-9.34409692798051,76.08051223453616,0.0,12.340414028799838
2026-01-01T00:04:11Z,1767225851000,100.58375,19.839203423675027,76.07263953476486,15.833746195340165,0.0
2026-01-01T00:04:12Z,1767225852000,101.227486,30.69042589241606,76.06046079433136,26.03332779394708,0.0
2026-01-01T00:04:13Z,1767225853000,101.066552,15.816387203639138,76.05418445020292,13.509209370277501,1.5499560020172596
2026-01-01T00:04:14Z,1767225854000,100.100948,-5.292966995286846,76.05628483393122,0.8686455276592124,9.210885031096321
2026-01-01T00:04:15Z,1767225855000,100.422816,25.039196949570723,76.04634864466551,20.728030866471304,0.0
2026-01-01T00:04:16Z,1767225856000,100.261882,15.554633432583632,76.04017617108116,13.253102268769092,1.5376155879884597
2026-01-01T00:04:17Z,1767225857000,100.261882,19.719372949808733,76.0323510230852,15.723800820408668,0.0
2026-01-01T00:04:18Z,1767225858000,100.422816,22.410599908554687,76.0234579278834,18.25336650656264,0.0
2026-01-01T00:04:19Z,1767225859000,99.940014,7.144747661444396,76.02062271055742,8.226124615048974,4.5980382671308195
2026-01-01T00:04:20Z,1767225860000,100.58375,30.37334783391738,76.00856979475031,25.748266868051346,0.0
2026-01-01T00:04:21Z,1767225861000,101.066552,27.960016680065625,75.997474550036,23.471319742217496,0.0
2026-01-01T00:04:22Z,1767225862000,100.261882,-1.1126432726409168,75.99791607514419,3.370308062210591,7.688077939942421
2026-01-01T00:04:23Z,1767225863000,100.261882,19.707389039854718,75.99009568266806,15.723800820408668,0.0
2026-01-01T00:04:24Z,1767225864000,100.422816,22.4015576773825,75.98120617565323,18.25336650656264,0.0
2026-01-01T00:04:25Z,1767225865000,99.618146,-1.212575868588957,75.98168735655346,3.23144157258248,7.638716283827219
2026-01-01T00:04:26Z,1767225866000,101.066552,43.84496160534646,75.96428856226562,38.414485300127886,0.0
2026-01-01T00:04:27Z,1767225867000,101.066552,20.008404275283425,75.95634871929924,15.9997369632625,0.0
2026-01-01T00:04:28Z,1767225868000,100.261882,-1.1157470725330785,75.95679147607406,3.370308062210591,7.688077939942421
2026-01-01T00:04:29Z,1767225869000,101.066552,33.24533772666929,75.94359888173808,28.452374928187687,0.0
2026-01-01T00:04:30Z,1767225870000,100.422816,3.080915715188271,75.94237629613681,5.880044707019141,6.160334683177002
2026-01-01T00:04:31Z,1767225871000,99.940014,7.124836194413319,75.93954898018664,8.226124615048974,4.5980382671308195
2026-01-01T00:04:32Z,1767225872000,99.618146,11.178591297258341,75.93511303125916,10.595947528272195,3.055486513530961
2026-01-01T00:04:33Z,1767225873000,99.457212,15.261309211668,75.92905695617517,13.000557510235826,1.52527517395966
2026-01-01T00:04:34Z,1767225874000,99.940014,27.425890990453542,75.91817366609959,23.002726225657614,0.0
2026-01-01T00:04:35Z,1767225875000,99.940014,19.577358934898484,75.91040487287145,15.614425420353195,0.0
2026-01-01T00:04:36Z,1767225876000,99.940014,19.580465116942367,75.90263484703141,15.614425420353195,0.0
2026-01-01T00:04:37Z,1767225877000,99.77908,15.379639371515822,75.89653181553477,13.101149762267,1.53021133957118
2026-01-01T00:04:38Z,1767225878000,100.422816,30.28748545973576,75.88451297209836,25.677359586288624,0.0
2026-01-01T00:04:39Z,1767225879000,100.100948,11.33198952271529,75.88001615085919,10.735576501141376,3.0702950103653994
2026-01-01T00:04:40Z,1767225880000,100.100948,19.64505526459389,75.87222049400816,15.669041987882357,0.0
2026-01-01T00:04:41Z,1767225881000,100.422816,25.030051914800847,75.86228793372452,20.728030866471304,0.0
2026-01-01T00:04:42Z,1767225882000,100.905618,27.877844990557406,75.8512252968235,23.4039487290705,0.0
2026-01-01T00:04:43Z,1767225883000,100.744684,15.696596006319565,75.84499648888448,13.406337218742241,1.5450198364057397
2026-01-01T00:04:44Z,1767225884000,102.51495800000001,50.09968897949664,75.82511565992436,44.293908926193794,0.0
2026-01-01T00:04:45Z,1767225885000,103.48056199999999,37.1799941643271,75.81036169398614,32.1492936541279,0.0
2026-01-01T00:04:46Z,1767225886000,104.285232,34.88123345485362,75.79651993467866,29.98889556091381,0.0
2026-01-01T00:04:47Z,1767225887000,104.76803399999999,29.638286249171813,75.7847587099766,25.060959880261212,0.0
2026-01-01T00:04:48Z,1767225888000,106.05550600000001,44.146951853244644,75.76724007828881,38.699537971682155,0.0
2026-01-01T00:04:49Z,1767225889000,106.37737399999999,27.609872050031225,75.75628377985626,23.155113123002852,0.0
2026-01-01T00:04:50Z,1767225890000,107.82578,48.057146152354534,75.73721348376405,42.37597870005978,0.0
2026-01-01T00:04:51Z,1767225891000,108.147648,28.418490083106363,75.72593630515965,23.916067682092564,0.0
2026-01-01T00:04:52Z,1767225892000,108.63045,31.490027415693117,75.71344026253438,26.803736239763374,0.0
2026-01-01T00:04:53Z,1767225893000,109.91792199999999,46.53613897471901,75.694973540719,40.94750235979947,0.0
2026-01-01T00:04:54Z,1767225894000,109.91792199999999,23.48337787059101,75.68565473997671,19.27832597752215,0.0
2026-01-01T00:04:55Z,1767225895000,110.72259199999999,38.33750326868875,75.67044144502881,33.24162071986677,0.0
2026-01-01T00:04:56Z,1767225896000,111.20539399999998,32.77661016230688,75.65743485369457,28.014795891948918,0.0
2026-01-01T00:04:57Z,1767225897000,111.688196,33.02250084763039,75.64433068669155,28.24634566354145,0.0
2026-01-01T00:04:58Z,1767225898000,115.389678,95.49323722792712,75.60643654493443,86.93916823501584,0.0
2026-01-01T00:04:59Z,1767225899000,116.033414,38.34963383977837,75.59121843626785,33.25466928199923,0.0
2026-01-01T00:05:00Z,1767225900000,120.53956600000001,116.84505059621888,75.54485135269792,107.0106871339263,0.0
2026-01-01T00:05:01Z,1767225901000,116.838084,-38.24058238686467,75.56002618697842,0.0,41.21204669058065
2026-01-01T00:05:02Z,1767225902000,116.194348,6.943212778820708,75.55727094381223,10.433999193296618,7.127823143034786
2026-01-01T00:05:03Z,1767225903000,116.194348,26.245253091252412,75.5468561608395,21.88725347441234,0.0
2026-01-01T00:05:04Z,1767225904000,115.87248,16.47647302052283,75.54031787789485,16.036703994487144,3.5540392402943537
2026-01-01T00:05:05Z,1767225905000,116.67715,41.7721359850621,75.52374163345634,36.474225909187524,0.0
2026-01-01T00:05:06Z,1767225906000,117.15995199999999,35.918185564770894,75.50948838521634,30.971906062919334,0.0
2026-01-01T00:05:07Z,1767225907000,116.999018,21.76662462012772,75.50085083576391,19.356468697235638,1.794296199787354
2026-01-01T00:05:08Z,1767225908000,115.550612,-12.980232556135226,75.5060017216989,0.0,15.948751090821332
2026-01-01T00:05:09Z,1767225909000,114.90687600000001,6.563631855089374,75.50339710588338,10.005707762780377,7.048844493250327
2026-01-01T00:05:10Z,1767225910000,114.42407399999999,11.169265594258137,75.49896485763169,12.667489017743115,5.264420624686289
2026-01-01T00:05:11Z,1767225911000,114.42407399999999,25.427098147922244,75.48887473931902,21.12655805570057,0.0
2026-01-01T00:05:12Z,1767225912000,114.10220600000001,15.809290240377733,75.48260121144585,15.36685666849942,3.499741418567496
2026-01-01T00:05:13Z,1767225913000,114.26313999999999,28.358495482239913,75.47134784022275,23.87410809967021,0.0
2026-01-01T00:05:14Z,1767225914000,114.26313999999999,25.36861580027129,75.46128092919089,21.05838422862029,0.0
2026-01-01T00:05:15Z,1767225915000,114.585008,31.52121771627563,75.4487725094622,26.842205479199748,0.0
2026-01-01T00:05:16Z,1767225916000,116.033414,53.583886996233225,75.42750906224148,47.55140809204868,0.0
2026-01-01T00:05:17Z,1767225917000,116.838084,41.86349601743324,75.41089656382186,36.56469211204932,0.0
2026-01-01T00:05:18Z,1767225918000,118.44742399999998,58.3929826782914,75.38772474529873,52.07269917388943,0.0
2026-01-01T00:05:19Z,1767225919000,120.378632,66.14752530277013,75.36147572732145,59.362336912217586,0.0
2026-01-01T00:05:20Z,1767225920000,121.827038,57.7415736673637,75.33856240443757,51.461108127009396,0.0
2026-01-01T00:05:21Z,1767225921000,124.40198199999999,82.49440568617374,75.30582652916527,74.72913406753887,0.0
2026-01-01T00:05:22Z,1767225922000,126.172256,67.63158502284944,75.27898859860066,60.758444587602376,0.0
2026-01-01T00:05:23Z,1767225923000,127.620662,62.13838941977962,75.25433050756106,55.59520077495959,0.0
2026-01-01T00:05:24Z,1767225924000,125.85038800000001,-18.268270524005302,75.26157982126107,0.0,21.2304482951474
2026-01-01T00:05:25Z,1767225925000,122.30984,-38.30454578913052,75.27678003784405,0.0,41.266344512307256
2026-01-01T00:05:26Z,1767225926000,121.66610399999999,8.661302071196447,75.27334301321262,12.373561052654743,7.4634824046184365
2026-01-01T00:05:27Z,1767225927000,122.95357600000001,55.34386983300353,75.25138116010429,49.2171752469538,0.0
2026-01-01T00:05:28Z,1767225928000,124.884784,69.85092089617946,75.22366254070104,62.84675229559244,0.0
2026-01-01T00:05:29Z,1767225929000,125.52852,44.03383923524386,75.20618879497277,38.60912445958336,0.0
2026-01-01T00:05:30Z,1767225930000,127.29879399999999,68.55934751555702,75.17898270468882,61.6333693469582,0.0
2026-01-01T00:05:31Z,1767225931000,127.94253,45.584649517500026,75.1608935580549,40.06757852078284,0.0
2026-01-01T00:05:32Z,1767225932000,128.586266,46.00534676455911,75.14263746806895,40.46337742259235,0.0
2026-01-01T00:05:33Z,1767225933000,128.586266,32.52123514269461,75.1297322160282,27.788654194598134,0.0
2026-01-01T00:05:34Z,1767225934000,129.23000199999998,46.4287949269108,75.11130809105721,40.86210030466373,0.0
2026-01-01T00:05:35Z,1767225935000,129.23000199999998,32.87718397068092,75.09826158948154,28.123924144364654,0.0
2026-01-01T00:05:36Z,1767225936000,127.94253,-10.362900210251903,75.10237385146974,2.2337676337172434,15.697006644633705
2026-01-01T00:05:37Z,1767225937000,127.94253,32.16624044903394,75.08960947033917,27.456308225094478,0.0
2026-01-01T00:05:38Z,1767225938000,127.29879399999999,10.657665960414539,75.08538023781519,14.579054234271627,7.809013997424537
2026-01-01T00:05:39Z,1767225939000,126.65505800000001,10.411128086444066,75.08124883778089,14.315965243001887,7.769524672532378
2026-01-01T00:05:40Z,1767225940000,124.884784,-18.12300449090878,75.08844050622966,0.0,21.067554829967538
2026-01-01T00:05:41Z,1767225941000,123.11451,-17.81652239138179,75.09551055479767,0.0,20.76891681047028
2026-01-01T00:05:42Z,1767225942000,119.573962,-37.38763086001324,75.11034691625005,0.0,40.343281542953015
2026-01-01T00:05:43Z,1767225943000,116.838084,-27.505772282315114,75.12126190525098,0.0,30.461077988689944
2026-01-01T00:05:44Z,1767225944000,113.941272,-28.498284746017887,75.13257074840416,0.0,31.453247276605442
2026-01-01T00:05:45Z,1767225945000,108.791384,-50.434946108022515,75.15258461590734,0.0,53.3895672542004
2026-01-01T00:05:46Z,1767225946000,106.86017600000001,-16.711402252500584,75.1592161247377,0.0,19.665683796295422
2026-01-01T00:05:47Z,1767225947000,107.342978,30.84020556841106,75.14697794792484,26.21308614301834,0.0
2026-01-01T00:05:48Z,1767225948000,106.37737399999999,-4.511490678755022,75.14876822200371,2.18391899608438,9.78841640764429
2026-01-01T00:05:49Z,1767225949000,106.05550600000001,13.06117614683582,75.14358521559623,12.564861478415594,3.2529331379915085
2026-01-01T00:05:50Z,1767225950000,106.538308,30.442487560880497,75.13150486338954,25.84889538414116,0.0
2026-01-01T00:05:51Z,1767225951000,106.37737399999999,17.588139106485194,75.12452544310918,15.290915325408504,1.6314027346074682
2026-01-01T00:05:52Z,1767225952000,107.98671399999999,50.967797336644026,75.10430012670575,45.13458485233402,0.0
2026-01-01T00:05:53Z,1767225953000,108.46951600000001,31.38745098055766,75.09184478901506,26.729367023855104,0.0
2026-01-01T00:05:54Z,1767225954000,109.91792199999999,49.39434060175142,75.07224386020484,43.656149407584124,0.0
2026-01-01T00:05:55Z,1767225955000,109.91792199999999,23.460161908326896,75.06293427214598,19.27832597752215,0.0
2026-01-01T00:05:56Z,1767225956000,110.56165800000001,35.32628510232464,75.04891590504188,30.43278473192914,0.0
2026-01-01T00:05:57Z,1767225957000,109.756988,0.5889742070405779,75.04868218511845,5.691206486584663,8.416162367641622
2026-01-01T00:05:58Z,1767225958000,109.596054,18.758594399612488,75.04123829845194,16.45033994786523,1.6807643907226713
2026-01-01T00:05:59Z,1767225959000,109.43512,18.700247308263865,75.03381756539311,16.39090421067093,1.6782963079166446
2026-01-01T00:06:00Z,1767225960000,107.98671399999999,-11.961007262979221,75.03856399684666,0.0,14.904752063984837
2026-01-01T00:06:01Z,1767225961000,106.86017600000001,-8.52647624075411,75.04194751916442,0.0,11.4716488811722
2026-01-01T00:06:02Z,1767225962000,106.37737399999999,8.738297020661863,75.03847994098163,10.048116793678727,4.894208203822275
2026-01-01T00:06:03Z,1767225963000,105.733638,4.161342584109329,75.03682861455935,7.249737742533857,6.486121613537194
2026-01-01T00:06:04Z,1767225964000,106.21644,30.267219614285064,75.02481781312513,25.704280578744225,0.0
2026-01-01T00:06:05Z,1767225965000,106.86017600000001,33.391451077386705,75.01156723730077,28.62741253569679,0.0
2026-01-01T00:06:06Z,1767225966000,106.21644,4.285569366411529,75.0098666145363,7.3822463755739225,6.515738607206572
2026-01-01T00:06:07Z,1767225967000,106.699242,30.5111288014151,74.9977590237421,25.92142979328603,0.0
2026-01-01T00:06:08Z,1767225968000,107.82578,42.3746901323486,74.98094367051497,37.061795619486695,0.0
2026-01-01T00:06:09Z,1767225969000,108.63045,37.15713559610725,74.96619877543715,32.15757740302752,0.0
2026-01-01T00:06:10Z,1767225970000,109.27418600000001,34.6440335798903,74.95245114306418,29.795543077882755,0.0
2026-01-01T00:06:11Z,1767225971000,109.596054,29.066015562250545,74.94091700990457,24.552486241604647,0.0
2026-01-01T00:06:12Z,1767225972000,110.23979,35.15087856391226,74.92696824856968,30.27253610134633,0.0
2026-01-01T00:06:13Z,1767225973000,110.883526,35.492206867263036,74.91288403949537,30.593661890184443,0.0
2026-01-01T00:06:14Z,1767225974000,110.400724,9.89675737845744,74.90895675482138,11.308770656895728,5.0793144142542825
2026-01-01T00:06:15Z,1767225975000,111.688196,47.62764351608452,74.89005689628324,42.00770035726451,0.0
2026-01-01T00:06:16Z,1767225976000,111.688196,24.210343401748897,74.88044961715556,19.98953284730731,0.0
2026-01-01T00:06:17Z,1767225977000,111.688196,24.210054632875753,74.87084245261872,19.98953284730731,0.0
2026-01-01T00:06:18Z,1767225978000,112.6538,42.350620233296105,74.85403665093884,37.04193453751209,0.0
2026-01-01T00:06:19Z,1767225979000,113.29753600000001,36.795573888366675,74.83943523272916,31.820459589553355,0.0
2026-01-01T00:06:20Z,1767225980000,113.61940399999999,31.01504732515895,74.82712767426679,26.38703183423606,0.0
2026-01-01T00:06:21Z,1767225981000,114.10220600000001,34.24733384529446,74.81353746242343,29.425646982403816,0.0
2026-01-01T00:06:22Z,1767225982000,113.136602,-3.3630278037077788,74.81487199726617,3.857922342219722,10.410373274695818
2026-01-01T00:06:23Z,1767225983000,113.61940399999999,33.98553531531809,74.80138567372835,29.186892472209863,0.0
2026-01-01T00:06:24Z,1767225984000,113.136602,10.73935588067249,74.79712402456934,12.22181198171915,5.20518663734777
2026-01-01T00:06:25Z,1767225985000,112.170998,-3.553165954771994,74.79853401105933,3.601808759906522,10.321522293688185
2026-01-01T00:06:26Z,1767225986000,112.492866,30.443548880625375,74.786453237694,25.863339678484454,0.0
2026-01-01T00:06:27Z,1767225987000,112.81473399999999,30.61430330304872,74.77430470463725,26.012163194969165,0.0
2026-01-01T00:06:28Z,1767225988000,112.01006399999999,1.0758704172884652,74.77387777193196,6.319885019326189,8.588928164044686
2026-01-01T00:06:29Z,1767225989000,111.527262,10.222892236843279,74.76982106866338,11.679173195481908,5.131144153175108
2026-01-01T00:06:30Z,1767225990000,112.492866,42.23334369602621,74.75306180529194,36.95173959884485,0.0
2026-01-01T00:06:31Z,1767225991000,112.170998,15.094331253618336,74.7470719913024,14.658482214113807,3.440507431229395
2026-01-01T00:06:32Z,1767225992000,111.84913,14.979562081443245,74.74112772063518,14.542662346649585,3.430635100006491
2026-01-01T00:06:33Z,1767225993000,112.492866,36.35001892777784,74.72670310994954,31.407539638664655,0.0
2026-01-01T00:06:34Z,1767225994000,112.975668,33.65354265090081,74.71334852953252,28.87081274478457,0.0
2026-01-01T00:06:35Z,1767225995000,112.975668,24.768181729152285,74.70351988598921,20.51882053009262,0.0
2026-01-01T00:06:36Z,1767225996000,112.975668,24.76792028006556,74.69369134619552,20.51882053009262,0.0
2026-01-01T00:06:37Z,1767225997000,114.26313999999999,49.305271543538005,74.67412576224967,43.58417519701986,0.0
2026-01-01T00:06:38Z,1767225998000,113.941272,15.72804141204501,74.66788447597506,15.30693901427671,3.4948052529562523
2026-01-01T00:06:39Z,1767225999000,114.10220600000001,28.25952649191275,74.65667037816081,23.80213085684192,0.0
2026-01-01T00:06:40Z,1767226000000,113.780338,15.668894278037385,74.65045256297111,15.24718329513159,3.4898690873447324
2026-01-01T00:06:41Z,1767226001000,114.10220600000001,31.25018678873422,74.6380516951978,26.613888919622752,0.0
2026-01-01T00:06:42Z,1767226002000,114.585008,34.497274127952956,74.62436230070259,29.665860966787832,0.0
2026-01-01T00:06:43Z,1767226003000,114.745942,28.566334989374322,74.61302645348458,24.091015098168324,0.0
2026-01-01T00:06:44Z,1767226004000,113.941272,1.5232702268346614,74.61242198117235,6.883562250741465,8.737013132390423
2026-01-01T00:06:45Z,1767226005000,114.585008,37.48807972265838,74.59754575906018,32.48951645437615,0.0
2026-01-01T00:06:46Z,1767226006000,115.389678,40.97562092627251,74.58128559202594,35.75644671421223,0.0
2026-01-01T00:06:47Z,1767226007000,115.71154600000001,32.06495689471424,74.56856140278201,27.380654540660306,0.0
2026-01-01T00:06:48Z,1767226008000,116.838084,47.960872185257664,74.549529310645,42.32304571875986,0.0
2026-01-01T00:06:49Z,1767226009000,116.35528199999999,11.790877598135628,74.5448503909632,13.35555571640374,5.353271605693512
2026-01-01T00:06:50Z,1767226010000,116.35528199999999,26.290205147368738,74.53441776987297,21.957393852048014,0.0
2026-01-01T00:06:51Z,1767226011000,116.033414,16.502803140155862,74.52786903846815,16.098582709940146,3.5589754059058722
2026-01-01T00:06:52Z,1767226012000,115.87248,21.2563304300254,74.5194339867102,18.892085948228136,1.7770196201470354
2026-01-01T00:06:53Z,1767226013000,115.71154600000001,21.188687142022875,74.51102577752687,18.826406104245045,1.7745515373415577
2026-01-01T00:06:54Z,1767226014000,116.838084,47.95942585343578,74.49199425933105,42.32304571875986,0.0
2026-01-01T00:06:55Z,1767226015000,117.15995199999999,32.81211672677679,74.47897357809026,28.08479764302612,0.0
2026-01-01T00:06:56Z,1767226016000,117.80368800000001,39.32593990774952,74.46336804638085,34.208012774998835,0.0
2026-01-01T00:06:57Z,1767226017000,116.033414,-16.640162017767977,74.46997128527678,0.0,19.574364732482724
2026-01-01T00:06:58Z,1767226018000,115.06781,-2.9864838494268686,74.47115639791545,4.387564389295222,10.5880752367104
2026-01-01T00:06:59Z,1767226019000,114.10220600000001,-3.190338822575209,74.47242240538472,4.119824417375861,10.499224255702902
2026-01-01T00:07:00Z,1767226020000,113.29753600000001,1.3511427984558324,74.47188623760755,6.693098396634199,8.687651476275224
2026-01-01T00:07:01Z,1767226021000,113.45847,27.923035343378125,74.46080566802685,23.51584123629902,0.0
2026-01-01T00:07:02Z,1767226022000,114.10220600000001,37.213475558721896,74.44603841582101,32.237405045184424,0.0
2026-01-01T00:07:03Z,1767226023000,112.975668,-8.098696316743215,74.44925218420067,1.0308386958116917,12.12815890750462
2026-01-01T00:07:04Z,1767226024000,114.26313999999999,49.2964147930993,74.42969011483832,43.58417519701986,0.0
2026-01-01T00:07:05Z,1767226025000,112.975668,-10.928377730607444,74.43402677266793,0.0,13.860753037148115
2026-01-01T00:07:06Z,1767226026000,113.136602,27.79775271508333,74.42299591841592,23.373664834384236,0.0
2026-01-01T00:07:07Z,1767226027000,111.20539399999998,-17.533413110460632,74.42995362203118,0.0,20.46534262536192
2026-01-01T00:07:08Z,1767226028000,110.72259199999999,9.979938650496063,74.42599332891591,11.413812006826065,5.094122911088573
2026-01-01T00:07:09Z,1767226029000,109.756988,-3.9972234649992795,74.4275795287036,2.9865252470691073,10.09939484116992
2026-01-01T00:07:10Z,1767226030000,109.91792199999999,26.308638445975184,74.41713959281233,21.986973025306792,0.0
2026-01-01T00:07:11Z,1767226031000,109.756988,18.809165515045446,74.40967563824287,16.509931444647098,1.683232473528298
2026-01-01T00:07:12Z,1767226032000,108.952318,0.3999083681710145,74.40951694444598,5.474120476708592,8.354460297497623
2026-01-01T00:07:13Z,1767226033000,108.308582,4.756467288795209,74.40762945742662,7.97222921082307,6.6440789131059645
2026-01-01T00:07:14Z,1767226034000,108.63045,28.574250607211532,74.39629046909043,24.126815658131626,0.0
2026-01-01T00:07:15Z,1767226035000,108.791384,25.810147767075517,74.38604834696064,21.516487063125503,0.0
2026-01-01T00:07:16Z,1767226036000,108.791384,22.96785626724913,74.37693411828316,18.83560067322467,0.0
2026-01-01T00:07:17Z,1767226037000,108.147648,4.727404722708725,74.3750581640281,7.925928741144293,6.634206581882661
2026-01-01T00:07:18Z,1767226038000,107.82578,13.597603235417541,74.36966228972834,13.147971756907179,3.307230959718488
2026-01-01T00:07:19Z,1767226039000,106.699242,-8.539560323202897,74.37305100414231,0.0,11.454372301532267
2026-01-01T00:07:20Z,1767226040000,107.18204399999999,30.72126966996015,74.36086002411454,26.139943791168825,0.0
2026-01-01T00:07:21Z,1767226041000,106.538308,4.340598364238523,74.3591375644462,7.471339865204089,6.535483269652394
2026-01-01T00:07:22Z,1767226042000,106.86017600000001,27.76725284204166,74.34811881331841,23.36081915435251,0.0
2026-01-01T00:07:23Z,1767226043000,106.05550600000001,-0.1790600303190737,74.348189868886,4.724458530435335,8.132332844979222
2026-01-01T00:07:24Z,1767226044000,106.37737399999999,27.54958676793045,74.33725749318444,23.155113123002852,0.0
2026-01-01T00:07:25Z,1767226045000,105.41177,-4.678947768735785,74.33911421848948,1.9669415538538368,9.6995654266368
2026-01-01T00:07:26Z,1767226046000,100.100948,-47.737832638222415,74.35805780286974,0.0,50.6598676710297
2026-01-01T00:07:27Z,1767226047000,100.100948,19.59691896779049,74.35028124772379,15.669041987882357,0.0
2026-01-01T00:07:28Z,1767226048000,98.813476,-9.195696584631063,74.35393033367006,0.0,12.123222741893079
2026-01-01T00:07:29Z,1767226049000,98.330674,6.707146611751494,74.35126876755429,7.806707443863408,4.52399578295814
2026-01-01T00:07:30Z,1767226050000,98.813476,26.895962062727463,74.34059576673575,22.541092486586507,0.0
2026-01-01T00:07:31Z,1767226051000,98.330674,6.707947456577387,74.33793388282442,7.806707443863408,4.52399578295814
2026-01-01T00:07:32Z,1767226052000,98.813476,26.896756448141744,74.32726056677356,22.541092486586507,0.0
2026-01-01T00:07:33Z,1767226053000,98.813476,19.135135624236383,74.31966725898617,15.236073654932863,0.0
2026-01-01T00:07:34Z,1767226054000,99.457212,29.793273854631572,74.30784453126607,25.254905061706594,0.0
2026-01-01T00:07:35Z,1767226055000,99.457212,19.363849850265176,74.30016046386518,15.45142702052998,0.0
2026-01-01T00:07:36Z,1767226056000,99.457212,19.363658807075694,74.29247647227507,15.45142702052998,0.0
2026-01-01T00:07:37Z,1767226057000,99.457212,19.36346876113166,74.28479255610002,15.45142702052998,0.0
2026-01-01T00:07:38Z,1767226058000,100.100948,30.091520069817392,74.27285147670723,25.535972961364525,0.0
2026-01-01T00:07:39Z,1767226059000,99.457212,2.8327589856471276,74.27172736599864,5.647948979353168,6.1011006958387615
2026-01-01T00:07:40Z,1767226060000,100.100948,30.077439600883253,74.25979187409352,25.535972961364525,0.0
2026-01-01T00:07:41Z,1767226061000,100.744684,30.392389377004864,74.24773140211853,25.819317100976587,0.0
2026-01-01T00:07:42Z,1767226062000,100.100948,2.956714123609706,74.24655810286312,5.802111014400196,6.140590020730921
2026-01-01T00:07:43Z,1767226063000,100.744684,30.37825153889398,74.23450324114134,25.819317100976587,0.0
2026-01-01T00:07:44Z,1767226064000,100.100948,2.9563473722130476,74.2333300874222,5.802111014400196,6.140590020730921
2026-01-01T00:07:45Z,1767226065000,100.744684,30.377886701939612,74.221275370477,25.819317100976587,0.0
2026-01-01T00:07:46Z,1767226066000,100.744684,19.82723635489475,74.21340741954252,15.888933195189068,0.0
2026-01-01T00:07:47Z,1767226067000,101.38842,30.695161227538843,74.20122680000777,26.104952118741824,0.0
2026-01-01T00:07:48Z,1767226068000,100.744684,3.0825590227759574,74.20000356230032,5.95854928940175,6.180079345622959
2026-01-01T00:07:49Z,1767226069000,100.100948,2.9418096521031996,74.19883617751775,5.802111014400196,6.140590020730921
2026-01-01T00:07:50Z,1767226070000,98.330674,-13.691892248100224,74.20426946809239,0.0,16.58798453751298
2026-01-01T00:07:51Z,1767226071000,95.75573,-20.59658812079869,74.21244271734668,0.0,23.49614831083512
2026-01-01T00:07:52Z,1767226072000,94.62919199999999,-7.248441306746435,74.21531908294459,0.0,10.158628828508256
2026-01-01T00:07:53Z,1767226073000,91.410512,-25.130552941075834,74.22529152458787,0.0,28.037420673433566
2026-01-01T00:07:54Z,1767226074000,89.64023800000001,-12.199778128677046,74.23013270638496,0.0,15.121943350891433
2026-01-01T00:07:55Z,1767226075000,87.06529400000001,-18.441194364195667,74.23745064065648,0.0,21.3637247666586
2026-01-01T00:07:56Z,1767226076000,82.88101,-30.125270455364394,74.2494051130594,0.0,33.04762876912647
2026-01-01T00:07:57Z,1767226077000,79.179528,-25.006637906615847,74.25932838206995,0.0,27.928825029980082
2026-01-01T00:07:58Z,1767226078000,78.535792,0.003437556639150685,74.25932701796017,1.7851712648883713,4.817697636843647
2026-01-01T00:07:59Z,1767226079000,76.604584,-11.18660791198143,74.26376614808399,0.0,14.097688986501028
2026-01-01T00:08:00Z,1767226080000,72.259366,-27.00871861484236,74.27448389356606,0.0,29.92056785422853
2026-01-01T00:08:01Z,1767226081000,66.78761,-31.90313618987323,74.28714386824458,0.0,34.82464838927355
2026-01-01T00:08:02Z,1767226082000,59.867448,-36.558107135217504,74.3016510536157,0.0,39.479452560936956
2026-01-01T00:08:03Z,1767226083000,55.683164000000005,-19.28169339801978,74.30930251924984,0.0,22.202872920616972
2026-01-01T00:08:04Z,1767226084000,53.10822,-10.110462728923583,74.31331460763433,0.0,13.03147721441282
2026-01-01T00:08:05Z,1767226085000,46.992728,-24.465245433201645,74.3230230383618,0.0,27.38584681271295
2026-01-01T00:08:06Z,1767226086000,35.888282000000004,-35.055703129482595,74.33693403166714,0.0,37.97639013222913
2026-01-01T00:08:07Z,1767226087000,28.485318,-17.17460566790573,74.34374935137663,0.0,20.095130204497924
2026-01-01T00:08:08Z,1767226088000,27.841582000000002,1.2124496169252665,74.34326822057626,0.0,1.7079133015859147
2026-01-01T00:08:09Z,1767226089000,22.53076,-8.494365855367667,74.3466390006776,0.0,11.402542562611202
2026-01-01T00:08:10Z,1767226090000,16.0934,-6.966171738192369,74.34940335454196,0.0,9.872331223040002
2026-01-01T00:08:11Z,1767226091000,9.65604,-3.0208338137386055,74.35060209811884,0.0,5.923398733823998
2026-01-01T00:08:12Z,1767226092000,3.21868,0.9204225457477171,74.35023685107687,0.0,1.9744662446080001
2026-01-01T00:08:13Z,1767226093000,0.0,2.8831601970060188,74.34909273988758,0.0,0.0
2026-01-01T00:08:14Z,1767226094000,0.0,2.869461479150385,74.34795406469745,0.0,0.0
2026-01-01T00:08:15Z,1767226095000,0.0,2.8558601302384856,74.346820786868,0.0,0.0
2026-01-01T00:08:16Z,1767226096000,0.0,2.8423554588178392,74.34569286803513,0.0,0.0
2026-01-01T00:08:17Z,1767226097000,0.0,2.8289467783429236,74.34457027010721,0.0,0.0
2026-01-01T00:08:18Z,1767226098000,0.0,2.815633407140361,74.3434529552631,0.0,0.0
2026-01-01T00:08:19Z,1767226099000,0.0,2.802414668374365,74.34234088595026,0.0,0.0
2026-01-01T00:08:20Z,1767226100000,0.0,2.7892898900124243,74.3412340248828,0.0,0.0
2026-01-01T00:08:21Z,1767226101000,0.32186800000000004,2.815354185247848,74.34011682084103,0.03675003362921827,0.0
2026-01-01T00:08:22Z,1767226102000,7.0810960000000005,11.052257895697771,74.33573100421575,7.791563824749039,0.0
2026-01-01T00:08:23Z,1767226103000,16.254334,28.211475647013675,74.32453597419709,23.925201626009887,0.0
2026-01-01T00:08:24Z,1767226104000,25.105704,40.85842721366849,74.30832231260437,35.800502159834,0.0
2026-01-01T00:08:25Z,1767226105000,33.474272,51.10737341958137,74.28804160886644,45.40941909546522,0.0
2026-01-01T00:08:26Z,1767226106000,40.394434000000004,51.80154086805486,74.26748544185531,46.027029876006594,0.0
2026-01-01T00:08:27Z,1767226107000,44.578718,37.19835708968198,74.25272418904194,32.26473730917954,0.0
2026-01-01T00:08:28Z,1767226108000,45.383388,12.887357688358495,74.24761015821323,9.391662767158062,0.0
2026-01-01T00:08:29Z,1767226109000,43.130312,-6.367424901918756,74.25013691412668,0.0,9.260246687211504
2026-01-01T00:08:30Z,1767226110000,39.911632000000004,-9.353010347539296,74.25384842616936,0.0,12.24169071656961
2026-01-01T00:08:31Z,1767226111000,36.049215999999994,-10.380744256632738,74.25796776912834,0.0,13.268413163765759
2026-01-01T00:08:32Z,1767226112000,27.519714,-19.48050229263642,74.26569812718098,0.0,22.368234468602875
2026-01-01T00:08:33Z,1767226113000,18.185542,-13.278556171391966,74.27096739550296,0.0,16.175814708951044
2026-01-01T00:08:34Z,1767226114000,11.104446000000001,-4.592822802688997,74.27278994423418,0.0,7.4930993982873595
2026-01-01T00:08:35Z,1767226115000,12.07005,5.643114452145507,74.27055061310237,2.5839393115347287,0.0
2026-01-01T00:08:36Z,1767226116000,17.863674,21.030876214458022,74.262205027303,17.05870486629685,0.0
2026-01-01T00:08:37Z,1767226117000,24.783836,32.68536590910355,74.24923464400572,28.009067954440436,0.0
2026-01-01T00:08:38Z,1767226118000,32.025866,43.2168265574913,74.23208510965752,37.892430238237694,0.0
2026-01-01T00:08:39Z,1767226119000,38.946028,50.08149468762628,74.21221150065449,44.33572645141844,0.0
2026-01-01T00:08:40Z,1767226120000,43.613114,39.89026266726367,74.19638203134208,34.75609722953442,0.0
2026-01-01T00:08:41Z,1767226121000,45.86619,23.8542275649806,74.18691606802265,19.68235243790589,0.0
2026-01-01T00:08:42Z,1767226122000,45.383388,1.3006117867413798,74.18639995223425,0.4447993121035848,2.08799805367296
2026-01-01T00:08:43Z,1767226123000,41.199104000000005,-13.524397306972432,74.19176677656242,0.0,16.427559155138546
2026-01-01T00:08:44Z,1767226124000,34.922678,-17.980987779659944,74.1989020891734,0.0,20.88738478514688
2026-01-01T00:08:45Z,1767226125000,27.841582000000002,-15.872799256300091,74.205200819037,0.0,18.78704631744512
2026-01-01T00:08:46Z,1767226126000,19.473014,-12.614292597835343,74.21020649070282,0.0,15.529177013841924
2026-01-01T00:08:47Z,1767226127000,12.07005,-5.600133440516972,74.21242876587762,0.0,8.514885679871998
2026-01-01T00:08:48Z,1767226128000,9.334171999999999,0.4761449206266346,74.21223981948054,0.0,2.4335296464793594
2026-01-01T00:08:49Z,1767226129000,3.8624159999999996,0.8843526652091258,74.21188888588324,0.0,2.01395556950016
2026-01-01T00:08:50Z,1767226130000,1.9312079999999998,2.531182408038537,74.21088444841973,0.0,0.35540392402943993
2026-01-01T00:08:51Z,1767226131000,3.057746,3.6457076205846795,74.20943773904649,0.7261356751037352,0.0
2026-01-01T00:08:52Z,1767226132000,10.782578,17.1850713459838,74.20261826629014,13.46520217446867,0.0
2026-01-01T00:08:53Z,1767226133000,18.990212,29.628941490999573,74.19086074982546,25.161170292462955,0.0
2026-01-01T00:08:54Z,1767226134000,27.036912,40.37390066757564,74.17483936067167,35.248007571935254,0.0
2026-01-01T00:08:55Z,1767226135000,34.922678,50.58662461308625,74.15476530328552,44.82414935658751,0.0
2026-01-01T00:08:56Z,1767226136000,41.681906,52.38931189353635,74.13397589380396,46.50716499652024,0.0
2026-01-01T00:08:57Z,1767226137000,44.578718,27.888485534867073,74.12290903446473,23.476506184888482,0.0
2026-01-01T00:08:58Z,1767226138000,45.06152,10.458253450300065,74.11875893388921,7.092205375132863,0.0
2026-01-01T00:08:59Z,1767226139000,43.613114,-3.1123790080348837,74.11999400492414,0.0,6.01965396324864
2026-01-01T00:09:00Z,1767226140000,39.267896,-13.36007688000279,74.12529562273367,0.0,16.259729524346906
2026-01-01T00:09:01Z,1767226141000,32.508668,-18.03648040421583,74.13245295622741,0.0,20.939214524067822
2026-01-01T00:09:02Z,1767226142000,24.461968,-15.846769266840656,74.13874135673012,0.0,18.757429323776
2026-01-01T00:09:03Z,1767226143000,14.966862,-10.629629276340651,74.14295946358581,0.0,13.542370355205117
2026-01-01T00:09:04Z,1767226144000,8.0467,-2.393757941951207,74.14390936753102,0.0,5.306378032384001
2026-01-01T00:09:05Z,1767226145000,4.667085999999999,1.4011542713399074,74.14335335393129,0.0,1.5030624287078398
2026-01-01T00:09:06Z,1767226146000,3.8624159999999996,2.5957476067877874,74.14232329535717,0.0,0.29616993669120023
2026-01-01T00:09:07Z,1767226147000,13.518456,25.099195944780156,74.13236329696639,20.887500551236442,0.0
2026-01-01T00:09:08Z,1767226148000,21.72609,33.53492226552953,74.11905578813085,28.80821864286325,0.0
2026-01-01T00:09:09Z,1767226149000,28.646252,37.40407528421785,74.10421290111331,32.42818369402171,0.0
2026-01-01T00:09:10Z,1767226150000,35.727348,47.03264806418389,74.0855491518815,41.47349232509696,0.0
2026-01-01T00:09:11Z,1767226151000,42.164708,50.766459772883984,74.0654037313367,44.983384990059385,0.0
2026-01-01T00:09:12Z,1767226152000,48.2802,55.467547965786764,74.04339279960423,49.37243697775347,0.0
2026-01-01T00:09:13Z,1767226153000,47.958332,3.310018435106093,74.04207930022523,1.757266446947258,1.4709773522329406
2026-01-01T00:09:14Z,1767226154000,41.84284,-21.486596838298382,74.05060572754202,0.0,24.384658120908806
2026-01-01T00:09:15Z,1767226155000,34.278942,-21.7983761051421,74.05925587679009,0.0,24.707976968463353
2026-01-01T00:09:16Z,1767226156000,26.071308,-17.480078777053485,74.06619241598733,0.0,20.39130014118913
2026-01-01T00:09:17Z,1767226157000,18.346476,-10.594240804503857,74.07039647979865,0.0,13.505349113118715
2026-01-01T00:09:18Z,1767226158000,10.621644,-4.907890485403792,74.07234405538809,0.0,7.8188863286476815
2026-01-01T00:09:19Z,1767226159000,4.184284,0.33840782206688313,74.07220976656981,0.0,2.5668061179904
2026-01-01T00:09:20Z,1767226160000,0.0,2.8940108818260524,74.0710613495532,0.0,0.0
2026-01-01T00:09:21Z,1767226161000,0.0,2.88021800527681,74.06991840590032,0.0,0.0
2026-01-01T00:09:22Z,1767226162000,0.0,2.866523254933022,74.06878089667217,0.0,0.0
2026-01-01T00:09:23Z,1767226163000,0.0,2.852925933506886,74.0676487832065,0.0,0.0
2026-01-01T00:09:24Z,1767226164000,0.0,2.8394253486613446,74.06652202711575,0.0,0.0
2026-01-01T00:09:25Z,1767226165000,0.0,2.826020812974961,74.06540059028521,0.0,0.0
2026-01-01T00:09:26Z,1767226166000,0.0,2.812711643907039,74.06428443487096,0.0,0.0
2026-01-01T00:09:27Z,1767226167000,0.0,2.7994971637629904,74.06317352329805,0.0,0.0
2026-01-01T00:09:28Z,1767226168000,0.48280199999999995,2.8576778135490226,74.06203952416568,0.06702304705573163,0.0
2026-01-01T00:09:29Z,1767226169000,10.299776000000001,19.965845387671223,74.05411656964677,16.160876351958947,0.0
2026-01-01T00:09:30Z,1767226170000,20.438617999999998,38.028166156621644,74.03902602752112,33.13480942601748,0.0
2026-01-01T00:09:31Z,1767226171000,30.899327999999997,57.90661366035812,74.01604721257654,51.76820205998503,0.0
2026-01-01T00:09:32Z,1767226172000,38.302292,52.22605826051205,73.99532258628268,46.41707217384273,0.0
2026-01-01T00:09:33Z,1767226173000,45.383388,59.30718230947093,73.97178799012812,53.00762211054877,0.0
2026-01-01T00:09:34Z,1767226174000,56.165966,107.19411872724538,73.92925064142685,97.9976273046241,0.0
2026-01-01T00:09:35Z,1767226175000,60.35025,50.34868788378793,73.90927100337771,44.59309927261482,0.0
2026-01-01T00:09:36Z,1767226176000,64.85640199999999,57.67921922574977,73.88638242431988,51.45381518876407,0.0
2026-01-01T00:09:37Z,1767226177000,72.4203,100.86656870793554,73.84635600816594,92.05001965323025,0.0
2026-01-01T00:09:38Z,1767226178000,80.306066,116.68098275151164,73.80005403088359,106.91566430453801,0.0
2026-01-01T00:09:39Z,1767226179000,83.041944,51.221646113455115,73.77972798083857,45.414062816860316,0.0
2026-01-01T00:09:40Z,1767226180000,82.39820800000001,0.3449185588694559,73.77959110839457,2.3413889430200108,5.054633586196514
2026-01-01T00:09:41Z,1767226181000,81.432604,-4.595621835962239,73.78141476785329,0.0,7.4930993982873595
2026-01-01T00:09:42Z,1767226182000,80.306066,-5.7295645716104815,73.78368840458805,0.0,8.621013240519762
2026-01-01T00:09:43Z,1767226183000,76.926452,-21.887979604307773,73.79237411078024,0.0,24.774615204218836
2026-01-01T00:09:44Z,1767226184000,71.77656400000001,-32.32582139952585,73.80520181768482,0.0,35.22447780380669
2026-01-01T00:09:45Z,1767226185000,66.30480800000001,-31.664682982241665,73.8177671680746,0.0,34.57290394308603
2026-01-01T00:09:46Z,1767226186000,60.833051999999995,-28.81167665219886,73.8292003730953,0.0,31.71980021962762
2026-01-01T00:09:47Z,1767226187000,53.751956,-33.36291823104216,73.8424396263616,0.0,36.270944913448936
2026-01-01T00:09:48Z,1767226188000,45.06152,-34.409481719966564,73.85609418259968,0.0,37.31741202309118
2026-01-01T00:09:49Z,1767226189000,38.141358,-22.24439744655787,73.86492132444354,0.0,25.152231873500174
2026-01-01T00:09:50Z,1767226190000,30.255592,-19.828239755427443,73.87278967355284,0.0,22.735978806661112
2026-01-01T00:09:51Z,1767226191000,20.760486,-15.876934061253127,73.87909004421208,0.0,18.784578234639355
2026-01-01T00:09:52Z,1767226192000,9.977908000000001,-7.344866184325889,73.8820046736503,0.0,10.252415975127041
2026-01-01T00:09:53Z,1767226193000,3.5405480000000003,0.7324038777718349,73.88171403719086,0.0,2.1719128690688003
2026-01-01T00:09:54Z,1767226194000,0.0,2.8927028503137096,73.88056613923439,0.0,0.0
2026-01-01T00:09:55Z,1767226195000,0.0,2.8789127874602727,73.87942371352509,0.0,0.0
2026-01-01T00:09:56Z,1767226196000,0.0,2.86522086455892,73.87828672111851,0.0,0.0
2026-01-01T00:09:57Z,1767226197000,0.0,2.851626384048681,73.87715512334707,0.0,0.0
2026-01-01T00:09:58Z,1767226198000,0.0,2.838128653322185,73.87602888181796,0.0,0.0
2026-01-01T00:09:59Z,1767226199000,0.0,2.824726984690511,73.87490795841134,0.0,0.0
2026-01-01T00:10:00Z,1767226200000,0.0,2.8114206953482785,73.87379231527827,0.0,0.0
